orgth,orgen,province,district,subdistrict,agency,healtharea,area,npsts
ศูนย์วิทยาศาสตร์การแพทย์ที่ 1 เชียงใหม่,Regional Medical Sciences Center 1 Chiang Mai,เชียงใหม่,แม่ริม,ดอนแก้ว,ภาครัฐ,เขต 1,ต่างจังหวัด,เปิดตรวจแล้ว
ศูนย์วิทยาศาสตร์การแพทย์ที่ 1/1 เชียงราย,Regional Medical Sciences Center 1/1 Chiang Rai,เชียงราย,เมืองเชียงราย,นางแล,ภาครัฐ,เขต 1,ต่างจังหวัด,เปิดตรวจแล้ว
สำนักงานป้องกันควบคุมโรคที่ 1 เชียงใหม่,The Office of Disease Prevention and Control 1 Chiang Mai,เชียงใหม่,เมืองเชียงใหม่,ช้างคลาน,ภาครัฐ,เขต 1,ต่างจังหวัด,เปิดตรวจแล้ว
โรงพยาบาลนครพิงค์,Nakornping Hospital,เชียงใหม่,แม่ริม,ดอนแก้ว,ภาครัฐ,เขต 1,ต่างจังหวัด,เปิดตรวจแล้ว
โรงพยาบาลลำปาง,Lampang Hospital,ลำปาง,เมืองลำปาง,หัวเวียง,ภาครัฐ,เขต 1,ต่างจังหวัด,เปิดตรวจแล้ว
โรงพยาบาลเขลางค์นคร-ราม ลำปาง,Khelang Nakorn Ram Hospital,ลำปาง,เมืองลำปาง,สวนดอก,เอกชน,เขต 1,ต่างจังหวัด,เปิดตรวจแล้ว
โรงพยาบาลมะเร็งลำปาง,Lampang Cancer Hospital,ลำปาง,เมืองลำปาง,พิชัย,ภาครัฐ,เขต 1,ต่างจังหวัด,เปิดตรวจแล้ว
โรงพยาบาลเชียงรายประชานุเคราะห์,Chiang Rai Prachanukroh Hospital,เชียงราย,เมืองเชียงราย,เวียง,ภาครัฐ,เขต 1,ต่างจังหวัด,เปิดตรวจแล้ว
โรงพยาบาลมหาราชนครเชียงใหม่,Maharaj Nakorn Chiang Mai Hospital,เชียงใหม่,เมืองเชียงใหม่,ศรีภูมิ,ภาครัฐ,เขต 1,ต่างจังหวัด,เปิดตรวจแล้ว
โรงพยาบาลศรีสังวาลย์,Srisangwan Hospital,แม่ฮ่องสอน,เมืองแม่ฮ่องสอน,จองคำ,ภาครัฐ,เขต 1,ต่างจังหวัด,เปิดตรวจแล้ว
ศูนย์บริการเทคนิคการแพทย์คลินิก คณะเทคนิคการแพทย์ มหาวิทยาลัยเชียงใหม่,"Clinic Service Center, Faculty of Associated Medical Sciences, Chiang Mai University",เชียงใหม่,เมืองเชียงใหม่,ศรีภูมิ,ภาครัฐ,เขต 1,ต่างจังหวัด,เปิดตรวจแล้ว
โรงพยาบาลราชเวช เชียงใหม่,Rajavej ChiangMai Hospital,เชียงใหม่,เมืองเชียงใหม่,วัดเกต,เอกชน,เขต 1,ต่างจังหวัด,เปิดตรวจแล้ว
โรงพยาบาลเชียงใหม่ราม,Chiang Mai Ram Medical Clinic,เชียงใหม่,เมืองเชียงใหม่,ศรีภูมิ,เอกชน,เขต 1,ต่างจังหวัด,เปิดตรวจแล้ว
โรงพยาบาลานนา,Lanna Hospital,เชียงใหม่,เมืองเชียงใหม่,ศรีภูมิ,เอกชน,เขต 1,ต่างจังหวัด,เปิดตรวจแล้ว
โรงพยาบาลเชียงใหม่ใกล้หมอ,Chiangmai Klaimor Hospital,เชียงใหม่,เมืองเชียงใหม่,ป่าแดด,เอกชน,เขต 1,ต่างจังหวัด,เปิดตรวจแล้ว
โรงพยาบาลน่าน,Nan Hospital,น่าน,เมืองน่าน,ในเวียง,ภาครัฐ,เขต 1,ต่างจังหวัด,เปิดตรวจแล้ว
โรงพยาบาลสันทราย,Sansai Hospital,เชียงใหม่,สันทราย,หนองหาร,ภาครัฐ,เขต 1,ต่างจังหวัด,เปิดตรวจแล้ว
โรงพยาบาลแพร่,Phrae Hospital,แพร่,เมืองแพร่,ในเวียง,ภาครัฐ,เขต 1,ต่างจังหวัด,เปิดตรวจแล้ว
โรงพยาบาลลำพูน,Lamphun Hospital,ลำพูน,เมืองลำพูน,ต้นธง,ภาครัฐ,เขต 1,ต่างจังหวัด,เปิดตรวจแล้ว
โรงพยาบาลพะเยา,Phayao Hospital,พะเยา,เมืองพะเยา,บ้านต๋อม,ภาครัฐ,เขต 1,ต่างจังหวัด,เปิดตรวจแล้ว
โรงพยาบาลพะเยาราม,Phayao Ram Hospital,พะเยา,เมืองพะเยา,ท่าวังทอง,เอกชน,เขต 1,ต่างจังหวัด,เปิดตรวจแล้ว
โรงพยาบาลเกษมราษฎร์ ศรีบุรินทร์,Kasemrad Sriburin Hospital,เชียงราย,เมืองเชียงราย,สันทราย,เอกชน,เขต 1,ต่างจังหวัด,เปิดตรวจแล้ว
เอ็นเฮลท์ สหคลินิก สาขาเชียงใหม่,N Health Diagnostic Services Chiang Mai,เชียงใหม่,เมืองเชียงใหม่,หนองป่าครั่ง,เอกชน,เขต 1,ต่างจังหวัด,เปิดตรวจแล้ว
โรงพยาบาลโอเวอร์บรุ๊ค,Overbrook Hospital,เชียงราย,เมืองเชียงราย,รอบเวียง,เอกชน,เขต 1,ต่างจังหวัด,เปิดตรวจแล้ว
สถาบันวิจัยวิทยาศาสตร์สุขภาพ มหาวิทยาลัยเชียงใหม่,"Research Institute for Health Sciences, Chiang Mai University",เชียงใหม่,เมืองเชียงใหม่,ศรีภูมิ,ภาครัฐ,เขต 1,ต่างจังหวัด,เปิดตรวจแล้ว
เซ็นทรัลแล็บกรุ๊ป คลินิกเทคนิคการแพทย์,"Central Lab Group Co., Ltd., Medical Technic Clinic (Lampang)",ลำปาง,เมืองลำปาง,หัวเวียง,เอกชน,เขต 1,ต่างจังหวัด,เปิดตรวจแล้ว
บริษัทเนชั่นแนลเฮลท์แคร์ซิสเท็มส์จำกัด สาขาโรงพยาบาลกรุงเทพเชียงราย,"National Healthcare Systems Co.,Ltd, Bangkok Hospital Chiangrai",เชียงราย,เมืองเชียงราย,นางแล,เอกชน,เขต 1,ต่างจังหวัด,เปิดตรวจแล้ว
โรงพยาบาลเชียงคำ,Chiangkham Hospital,พะเยา,เฃียงคำ,หย่วน,ภาครัฐ,เขต 1,ต่างจังหวัด,เปิดตรวจแล้ว
บีที คลินิกเทคนิคการแพทย์,BT Medical Laboratory,เชียงใหม่,เมืองเชียงใหม่,แม่เหียะ,เอกชน,เขต 1,ต่างจังหวัด,เปิดตรวจแล้ว
โรงพยาบาลศูนย์การแพทย์มหาวิทยาลัยแม่ฟ้าหลวง,Mae Fah Luang University Medical Center Hospital,เชียงราย,เมืองเชียงราย,นางแล,ภาครัฐ,เขต 1,ต่างจังหวัด,เปิดตรวจแล้ว
โรงพยาบาลสันป่าตอง,Sanpatong Hospital,เชียงใหม่,สันป่าตอง,ยุหว่า,ภาครัฐ,เขต 1,ต่างจังหวัด,เปิดตรวจแล้ว
โรงพยาบาลเซ็นทรัลเชียงใหม่ เมโมเรียล,Central Chiangmai Memorial Hospital,เชียงใหม่,เมืองเชียงใหม่,ช้างคลาน,เอกชน,เขต 1,ต่างจังหวัด,เปิดตรวจแล้ว
โรงพยาบาลฝาง,Fang Hospital,เชียงใหม่,ฝาง,เวียง,ภาครัฐ,เขต 1,ต่างจังหวัด,เปิดตรวจแล้ว
คลินิกเทคนิคการแพทย์ แอทยีนส์ ล้านนา,"ATGENES Lan Na, Medical Technic Clinic",เชียงใหม่,สันกำแพง,ตันเปา,เอกชน,เขต 1,ต่างจังหวัด,เปิดตรวจแล้ว
โรงพยาบาลแมคคอร์มิค,McCORMICK Hospital,เชียงใหม่,เมืองเชียงใหม่,วัดเกด,เอกชน,เขต 1,ต่างจังหวัด,เปิดตรวจแล้ว
โรงพยาบาลจอมทอง,Chomthong Hospital,เชียงใหม่,จอมทอง,ดอยแก้ว,ภาครัฐ,เขต 1,ต่างจังหวัด,เปิดตรวจแล้ว
โรงพยาบาลสมเด็จพระยุพราชเด่นชัย,Denchai Crown Prince Hospital,แพร่,เด่นชัย,เด่นชัย,ภาครัฐ,เขต 1,ต่างจังหวัด,เปิดตรวจแล้ว
คลินิกเทคนิคการแพทย์ไพร์ม,"Prime, Medical Technic Clinic",เชียงใหม่,เมืองเชียงใหม่,ป่าแดด,เอกชน,เขต 1,ต่างจังหวัด,เปิดตรวจแล้ว
ศูนย์วิทยาศาสตร์การแพทย์ที่ 2 พิษณุโลก,Regional Medical Sciences Center 2 Phitsanulok,พิษณุโลก,เมืองพิษณุโลก,หัวรอ,ภาครัฐ,เขต 2,ต่างจังหวัด,เปิดตรวจแล้ว
สำนักงานป้องกันควบคุมโรคที่ 2 พิษณุโลก,The Office of Disease Prevention and Control 2 Phitsanulok,พิษณุโลก,เมืองพิษณุโลก,หัวรอ,ภาครัฐ,เขต 2,ต่างจังหวัด,เปิดตรวจแล้ว
หน่วยวิจัยมาลาเรียโซโกล ห้องปฏิบัติการจุลชีววิทยา,"Shoklo Malaria Research Unit, Microbiology Laboratory",ตาก,แม่สอด,แม่สอด,ภาครัฐ,เขต 2,ต่างจังหวัด,เปิดตรวจแล้ว
โรงพยาบาลแม่สอด,Mae Sot Hospital,ตาก,แม่สอด,แม่สอด,ภาครัฐ,เขต 2,ต่างจังหวัด,เปิดตรวจแล้ว
องค์การระหว่างประเทศเพื่อการโยกย้ายถิ่นฐาน สำนักงานแม่สอด,"International Organization for Migration, IOM, Maesot Office",ตาก,แม่สอด,แม่ปะ,เอกชน,เขต 2,ต่างจังหวัด,เปิดตรวจแล้ว
โรงพยาบาลแม่สอด-ราม,Maesot-Ram Hospital,ตาก,แม่สอด,แม่สอด,เอกชน,เขต 2,ต่างจังหวัด,เปิดตรวจแล้ว
โรงพยาบาลอุ้มผาง,Umphang Hospital,ตาก,อุ้มผาง,อุ้มผาง,ภาครัฐ,เขต 2,ต่างจังหวัด,เปิดตรวจแล้ว
โรงพยาบาลท่าสองยาง,Thasongyang Hospital,ตาก,ท่าสองยาง,แม่ต้าน,ภาครัฐ,เขต 2,ต่างจังหวัด,เปิดตรวจแล้ว
โรงพยาบาลอุตรดิตถ์,Uttaradit Hospital,อุตรดิตถ์,เมืองอุตรดิตถ์,ท่าอิฐ,ภาครัฐ,เขต 2,ต่างจังหวัด,เปิดตรวจแล้ว
โรงพยาบาลพุทธชินราช,Buddhachinaraj Phitsanulok Hospital,พิษณุโลก,เมืองพิษณุโลก,ในเมือง,ภาครัฐ,เขต 2,ต่างจังหวัด,เปิดตรวจแล้ว
โรงพยาบาลมหาวิทยาลัยนเรศวร,Naresuan University Hospital,พิษณุโลก,เมืองพิษณุโลก,ท่าโพธิ์,ภาครัฐ,เขต 2,ต่างจังหวัด,เปิดตรวจแล้ว
โรงพยาบาลพิษณุเวช,Pitsanuvej Hospital,พิษณุโลก,เมืองพิษณุโลก,ในเมือง,เอกชน,เขต 2,ต่างจังหวัด,เปิดตรวจแล้ว
โรงพยาบาลเพชรบูรณ์,Phetchabun Hospital,เพชรบูรณ์,เมืองเพชรบูรณ์,ในเมือง,ภาครัฐ,เขต 2,ต่างจังหวัด,เปิดตรวจแล้ว
โรงพยาบาลค่ายพิชัยดาบหัก,Fort Phichai Dabhak Hospital,อุตรดิตถ์,เมืองอุตรดิตถ์,ท่าเสา,ภาครัฐ,เขต 2,ต่างจังหวัด,เปิดตรวจแล้ว
โรงพยาบาลสุโขทัย,Sukhothai Hospital,สุโขทัย,เมืองสุโขทัย,บ้านกล้วย,ภาครัฐ,เขต 2,ต่างจังหวัด,เปิดตรวจแล้ว
โรงพยาบาลศรีสังวรสุโขทัย,Srisangworn Sukhothai Hospital,สุโขทัย,ศรีสำโรง,คลองตาล,ภาครัฐ,เขต 2,ต่างจังหวัด,เปิดตรวจแล้ว
โรงพยาบาลสมเด็จพระเจ้าตากสินมหาราช,King Taksin Hospital,ตาก,เมืองตาก,ระแหง,ภาครัฐ,เขต 2,ต่างจังหวัด,เปิดตรวจแล้ว
โรงพยาบาลพบพระ,Phobphra Hospital,ตาก,พบพระ,พบพระ,ภาครัฐ,เขต 2,ต่างจังหวัด,เปิดตรวจแล้ว
โรงพยาบาลแม่ระมาด,Maeramad Hospital,ตาก,แม่ระมาด,แม่ระมาด,ภาครัฐ,เขต 2,ต่างจังหวัด,เปิดตรวจแล้ว
โรงพยาบาลนครแม่สอด อินเตอร์เนชั่นแนล,MSI Hospital,ตาก,แม่สอด,แม่ปะ,เอกชน,เขต 2,ต่างจังหวัด,เปิดตรวจแล้ว
โรงพยาบาลค่ายสมเด็จพระนเรศวรมหาราช,Fort Somdej Phranaresuan Maharaj Hospital,พิษณุโลก,เมืองพิษณุโลก,บ้านคลอง,ภาครัฐ,เขต 2,ต่างจังหวัด,เปิดตรวจแล้ว
โรงพยาบาลเพชรรัตน์,Phetcharat Hospital,เพชรบูรณ์,เมือง,ในเมืือง,เอกชน,เขต 2,ต่างจังหวัด,เปิดตรวจแล้ว
โรงพยาบาลวิเชียรบุรี,Wichianburi Hospital,เพชรบูรณ์,วิเชียรบุรี,สระประดู่,ภาครัฐ,เขต 2,ต่างจังหวัด,เปิดตรวจแล้ว
บริษัท เนชั่นแนลเฮลท์แคร์ซิสเท็มส์ จำกัด  สาขาโรงพยาบาลกรุงเทพ พิษณุโลก,"National Healthcare Systems Co., Ltd., ฺBangkok Hospital Phitsanulok",พิษณุโลก,เมืองพิษณุโลก,ในเมือง,เอกชน,เขต 2,ต่างจังหวัด,เปิดตรวจแล้ว
เอ็มทีแลป-คลินิกเทคนิคการแพทย์,"MT Lab, Medical Technic Clinic",ตาก,แม่สอด,แม่สอด,เอกชน,เขต 2,ต่างจังหวัด,เปิดตรวจแล้ว
คลินิกเวชกรรมวิชัยเวช แม่สอด,"Vichaivej Mae Sot,Medical Clinic",ตาก,แม่สอด,ท่าสายลวด,เอกชน,เขต 2,ต่างจังหวัด,เปิดตรวจแล้ว
ดับเบิ้ลยู เมดิคอล คลินิกเวชกรรม,W Medical Clinic,ตาก,แม่สอด,ท่าสายลวด,เอกชน,เขต 2,ต่างจังหวัด,เปิดตรวจแล้ว
โรงพยาบาลวังทอง,Wangthong Hospital ,พิษณุโลก, วังทอง, วังทอง,ภาครัฐ,เขต 2,ต่างจังหวัด,เปิดตรวจแล้ว
ศูนย์วิทยาศาสตร์การแพทย์ที่ 3 นครสวรรค์,Regional Medical Sciences Center 3 Nakhon Sawan,นครสวรรค์,เมืองนครสวรรค์,นครสวรรค์ตก,ภาครัฐ,เขต 3,ต่างจังหวัด,เปิดตรวจแล้ว
สำนักงานป้องกันควบคุมโรคที่ 3 นครสวรรค์,The Office of Disease Prevention and Control 3 Nakhon Sawan,นครสวรรค์,เมืองนครสวรรค์,นครสวรรค์ตก,ภาครัฐ,เขต 3,ต่างจังหวัด,เปิดตรวจแล้ว
โรงพยาบาลสวรรค์ประชารักษ์,Sawanpracharak Hospital,นครสวรรค์,เมืองนครสวรรค์,ปากน้ำโพ,ภาครัฐ,เขต 3,ต่างจังหวัด,เปิดตรวจแล้ว
โรงพยาบาลศรีสวรรค์,Srisawan Hospital,นครสวรรค์,เมืองนครสวรรค์,ปากน้ำโพ,เอกชน,เขต 3,ต่างจังหวัด,เปิดตรวจแล้ว
โรงพยาบาลกำแพงเพชร,Kamphaeng Phet Hospital,กำแพงเพชร,เมืองกำแพงเพชร,ในเมือง,ภาครัฐ,เขต 3,ต่างจังหวัด,เปิดตรวจแล้ว
หน่วยวิจัยไวรัสวิทยากำแพงเพชร-สถาบันวิจัยวิทยาศาสตร์การแพทย์ทหาร (ฝ่ายสหรัฐ),"Armed Forces Research Institute of Medical Sciences (USA), Kamphaeng Phet-AFRIMS Virology Research Unit",กำแพงเพชร,เมืองกำแพงเพชร,ในเมือง,ภาครัฐ,เขต 3,ต่างจังหวัด,เปิดตรวจแล้ว
โรงพยาบาลพิจิตร,Phichit Hospital,พิจิตร,เมืองพิจิตร,ในเมือง,ภาครัฐ,เขต 3,ต่างจังหวัด,เปิดตรวจแล้ว
โรงพยาบาลอุทัยธานี,Uthai Thani Hospital,อุทัยธานี,เมืองอุทัยธานี,อุทัยใหม่,ภาครัฐ,เขต 3,ต่างจังหวัด,เปิดตรวจแล้ว
โรงพยาบาลชัยนาทนเรนทร,Chainat Narenthorn Hospital,ชัยนาท,เมืองชัยนาท,บ้านกล้วย,ภาครัฐ,เขต 3,ต่างจังหวัด,เปิดตรวจแล้ว
โรงพยาบาลพริ้นซ์ ปากน้ำโพ 2,Princ Hospital Paknampo 2,นครสวรรค์,เมืองนครสวรรค์,นครสวรรค์ตก,เอกชน,เขต 3,ต่างจังหวัด,เปิดตรวจแล้ว
โรงพยาบาลคลองขลุง,Klongklung Hospital,กำแพงเพชร,คลองขลุง,คลองขลุง,ภาครัฐ,เขต 3,ต่างจังหวัด,เปิดตรวจแล้ว
ศูนย์วิทยาศาสตร์การแพทย์ที่ 4 สระบุรี,Regional Medical Sciences Center 4 Saraburi,สระบุรี,มวกเหล็ก,มิตรภาพ,ภาครัฐ,เขต 4,ต่างจังหวัด,เปิดตรวจแล้ว
สำนักงานป้องกันควบคุมโรคที่ 4 สระบุรี,The Office of Disease Prevention and Control 4 Saraburi,สระบุรี,พระพุทธบาท,พระพุทธบาท,ภาครัฐ,เขต 4,ต่างจังหวัด,เปิดตรวจแล้ว
โรงพยาบาลสระบุรี,Saraburi Hospital,สระบุรี,เมืองสระบุรี,ปากเพรียว,ภาครัฐ,เขต 4,ต่างจังหวัด,เปิดตรวจแล้ว
โรงพยาบาลเกษมราษฎร์ สระบุรี,Kasemrad Hospital Saraburi,สระบุรี,เมืองสระบุรี,ปากเพรียว,เอกชน,เขต 4,ต่างจังหวัด,เปิดตรวจแล้ว
คณะสหเวชศาสตร์ มหาวิทยาลัยธรรมศาสตร์,"Faculty of Allied Health Science, Thammasat University",ปทุมธานี,คลองหลวง,คลองหนึ่ง,ภาครัฐ,เขต 4,กรุงเทพและปริมณฑล,เปิดตรวจแล้ว
ห้องปฏิบัติการเทคนิคการแพทย์ โรงพยาบาลธรรมศาสตร์เฉลิมพระเกียรติ,"Medical Technology Laboratory, Thammasat University Hospital",ปทุมธานี,คลองหลวง,คลองหนึ่ง,ภาครัฐ,เขต 4,กรุงเทพและปริมณฑล,เปิดตรวจแล้ว
โรงพยาบาลพระนั่งเกล้า,Pranangklao Hospital,นนทบุรี,เมืองนนทบุรี,บางกระสอ,ภาครัฐ,เขต 4,กรุงเทพและปริมณฑล,เปิดตรวจแล้ว
สถาบันโรคทรวงอก,Central Chest Institute of Thailand,นนทบุรี,เมืองนนทบุรี,บางกระสอ,ภาครัฐ,เขต 4,กรุงเทพและปริมณฑล,เปิดตรวจแล้ว
โรงพยาบาลนนทเวช,Nonthavej Hospital,นนทบุรี,เมืองนนทบุรี,บางเขน,เอกชน,เขต 4,กรุงเทพและปริมณฑล,เปิดตรวจแล้ว
โรงพยาบาลเกษมราษฎร์ อินเตอร์เนชั่นแนล รัตนาธิเบศร์,Kasemrad International Hospital Rattanatibeth,นนทบุรี,บางใหญ่,เสาธงหิน,เอกชน,เขต 4,กรุงเทพและปริมณฑล,เปิดตรวจแล้ว
โรงพยาบาลเกษมราษฎร์ รัตนาธิเบศร์,Kasemrad Hospital Rattanatibeth,นนทบุรี,บางบัวทอง,บางรักใหญ่,เอกชน,เขต 4,กรุงเทพและปริมณฑล,เปิดตรวจแล้ว
โรงพยาบาลเวิลด์เมดิคอล,World Medical Hospital,นนทบุรี,ปากเกร็ด,ปากเกร็ด,เอกชน,เขต 4,กรุงเทพและปริมณฑล,เปิดตรวจแล้ว
ห้องปฏิบัติการ นิวเจน ลาบอราตอรี่ คลินิกเทคนิคการแพทย์,"NEWGEN DIAGNOSTICS CO., LTD.",นนทบุรี,บางกรวย,มหาสวัสดิ์,เอกชน,เขต 4,กรุงเทพและปริมณฑล,เปิดตรวจแล้ว
โรงพยาบาลปทุมธานี,Pathum Thani Hospital,ปทุมธานี,เมืองปทุมธานี,บางปรอก,ภาครัฐ,เขต 4,กรุงเทพและปริมณฑล,เปิดตรวจแล้ว
โรงพยาบาลการุญเวช ปทุมธานี,Karunvej Hospital Pathum Thani,ปทุมธานี,คลองหลวง,คลองหนึ่ง,เอกชน,เขต 4,กรุงเทพและปริมณฑล,เปิดตรวจแล้ว
ศูนย์การแพทย์สมเด็จพระเทพรัตนราชสุดาฯ สยามบรมราชกุมารี คณะแพทยศาสตร์ มหาวิทยาลัยศรีนครินทรวิโรฒ,"HRH Maha Chakri Sirindhorn Medical Center, Faculty of Medical Sciences, Srinakharinwirot University",นครนายก,องครักษ์,องครักษ์,ภาครัฐ,เขต 4,ต่างจังหวัด,เปิดตรวจแล้ว
โรงพยาบาลพระนครศรีอยุธยา,Phra Nakhon Si Ayutthaya Hospital,พระนครศรีอยุธยา,พระนครศรีอยุธยา,ประตูชัย,ภาครัฐ,เขต 4,ต่างจังหวัด,เปิดตรวจแล้ว
โรงพยาบาลราชธานี โรจนะ,Rajthanee Rojana Hospital,พระนครศรีอยุธยา,บางปะอิน,สามเรือน,เอกชน,เขต 4,ต่างจังหวัด,เปิดตรวจแล้ว
โรงพยาบาลพระนารายณ์มหาราช,Pranarai Maharaj Hospital,ลพบุรี,เมืองลพบุรี,เขาสามยอด,ภาครัฐ,เขต 4,ต่างจังหวัด,เปิดตรวจแล้ว
โรงพยาบาลอ่างทอง,Ang Thong Hospital,อ่างทอง,เมืองอ่างทอง,บางแก้ว,ภาครัฐ,เขต 4,ต่างจังหวัด,เปิดตรวจแล้ว
โรงพยาบาลสิงห์บุรี,Singburi Hospital,สิงห์บุรี,เมืองสิงห์บุรี,บางพุทรา,ภาครัฐ,เขต 4,ต่างจังหวัด,เปิดตรวจแล้ว
โรงพยาบาลโพธิ์ทอง,Phothong Hospital,อ่างทอง,เมืองอ่างทอง,บ้านอิฐ,ภาครัฐ,เขต 4,ต่างจังหวัด,เปิดตรวจแล้ว
โรงพยาบาลเอเชีีย,Asia Hospital,พระนครศรีอยุธยา,อุทัย,อุทัย,เอกชน,เขต 4,ต่างจังหวัด,เปิดตรวจแล้ว
บริษัท ภัทร แล็บ จำกัด (โรงพยาบาล ภัทร ธนบุรี),"Phatara Lab Co.,Ltd (Phatara-Thonburi Hospital)",ปทุมธานี,คลองหลวง,คลองหนึ่ง,เอกชน,เขต 4,กรุงเทพและปริมณฑล,เปิดตรวจแล้ว
โรงพยาบาลนครนายก,Nakhon Nayok Hospital ,นครนายก,เมืองนครนายก,บ้านใหญ่,ภาครัฐ,เขต 4,ต่างจังหวัด,เปิดตรวจแล้ว
โรงพยาบาลบางปะอิน,Bang Pa-in Hospital,พระนครศรีอยุธยา,บางปะอิน,บ้านเลน,ภาครัฐ,เขต 4,ต่างจังหวัด,เปิดตรวจแล้ว
โรงพยาบาลเอเชีย อินเตอร์เนชั่นแนล,ASIA International Hospital,พระนครศรีอยุธยา,บางปะอิน,สามเรือน,เอกชน,เขต 4,ต่างจังหวัด,เปิดตรวจแล้ว
โรงพยาบาลสินแพทย์ ลำลูกกา,Synphaet Hospital Lamlukka,ปทุมธานี,ลำลูกกา,คูคต,เอกชน,เขต 4,กรุงเทพและปริมณฑล,เปิดตรวจแล้ว
โรงพยาบาลอุทัย,Uthai Hospital,พระนครศรีอยุธยา,อุทัย,อุทัย,ภาครัฐ,เขต 4,ต่างจังหวัด,เปิดตรวจแล้ว
โรงพยาบาลบางใหญ่,Bangyai Hospital,นนทบุรี,บางใหญ่,บางม่วง,ภาครัฐ,เขต 4,กรุงเทพและปริมณฑล,เปิดตรวจแล้ว
โรงพยาบาลบ้านหมี่,Banmi Hospital,ลพบุรี,บ้านหมี่,บ้านหมี่,ภาครัฐ,เขต 4,ต่างจังหวัด,เปิดตรวจแล้ว
สำนักงานป้องกันควบคุมโรคที่ 4 สระบุรี สาขาย่อยที่ 2,"The Office of Disease Prevention and Control 4 Saraburi, Simummuang Market Branch",ปทุมธานี,ลำลูกกา,คูคต,ภาครัฐ,เขต 4,กรุงเทพและปริมณฑล,เปิดตรวจแล้ว
โรงพยาบาลเปาโล รังสิต,Paolo Hospital Rangsit,ปทุมธานี,ธัญบุรี,ประชาธิปัตย์,เอกชน,เขต 4,กรุงเทพและปริมณฑล,เปิดตรวจแล้ว
สถาบันบำบัดรักษาและฟื้นฟูผู้ติดยาเสพติดแห่งชาติบรมราชชนนี,Princess Mother National Institute on Drug Abuse Treatment,ปทุมธานี,ธัญบุรี,ประชาธิปัตย์,ภาครัฐ,เขต 4,กรุงเทพและปริมณฑล,เปิดตรวจแล้ว
โรงพยาบาลอานันทมหิดล,Ananda Mahidol Hospital,ลพบุรี,เมือง,สามยอด,ภาครัฐ,เขต 4,ต่างจังหวัด,เปิดตรวจแล้ว
คลินิกเทคนิคการแพทย์ พีพีเอ็น เฮลท์แคร์ สาขาเทศบาลท่าโขลง,"PPN Healthcare Medical Technic Clinic, Tha Khlong Branch",ปทุมธานี,คลองหลวง,คลองหนึ่ง,เอกชน,เขต 4,กรุงเทพและปริมณฑล,เปิดตรวจแล้ว
โรงพยาบาลชัยบาดาล,Chaibadan Hospital,ลพบุรี,ชัยบาดาล,ลำนารายณ์,ภาครัฐ,เขต 4,ต่างจังหวัด,เปิดตรวจแล้ว
ศูนย์การแพทย์ปัญญานันทภิกขุชลประทาน มหาวิทยาลัยศรีนครินทรวิโรฒ,Panyananthapikkhu Chonprathan Medical Center Srinakarinwirot University,นนทบุรี,ปากเกร็ด,บางตลาด,ภาครัฐ,เขต 4,กรุงเทพและปริมณฑล,เปิดตรวจแล้ว
โรงพยาบาลไทรน้อย,Sai Noi Hospital,นนทบุรี,ไทรน้อย,ไทรน้อย,ภาครัฐ,เขต 4,กรุงเทพและปริมณฑล,เปิดตรวจแล้ว
โรงพยาบาลหนองแค,Nongkhae Hospital,สระบุรี,หนองแค,หนองแค,ภาครัฐ,เขต 4,ต่างจังหวัด,เปิดตรวจแล้ว
ซีบี เมดดิคอล แอนด์ แล็บ สหคลินิก,CB Medical and Lab Medical Clinic,ปทุมธานี,ลำลูกกา,คูคต,เอกชน,เขต 4,กรุงเทพและปริมณฑล,เปิดตรวจแล้ว
โรงพยาบาลราชธานี,Rajthanee Hospital,พระนครศรีอยุธยา,พระนครศรีอยุธยา,คลองสวนพลู,เอกชน,เขต 4,ต่างจังหวัด,เปิดตรวจแล้ว
โรงพยาบาลเสนา,Sena Hospital,พระนครศรีอยุธยา,เสนา,เจ้าเจ็ด,ภาครัฐ,เขต 4,ต่างจังหวัด,เปิดตรวจแล้ว
โรงพยาบาลแพทย์รังสิต,PatRangsit Hospital,ปทุมธานี,ลำลูกกา,คูคต,เอกชน,เขต 4,กรุงเทพและปริมณฑล,เปิดตรวจแล้ว
โรงพยาบาลพระพุทธบาท,Phraphutthabat Hospital,สระบุรี,พระพุทธบาท,ธารเกษม,ภาครัฐ,เขต 4,ต่างจังหวัด,เปิดตรวจแล้ว
โรงพยาบาลบางบัวทอง,Bangbuathong Hospital,นนทบุรี,บางบัวทอง,โสนลอย,ภาครัฐ,เขต 4,กรุงเทพและปริมณฑล,เปิดตรวจแล้ว
ห้องปฏิบัติการอณูชีวโมเลกุล กองโรคติดต่อทั่วไป กรมควบคุมโรค กระทรวงสาธารณสุข,"Molecular Biotechnology Laboratory Bureau of Non-Communicable Diseases,Department of disease Control, Ministry of Public Health",นนทบุรี,เมืองนนทบุรี,สวนใหญ่,ภาครัฐ,เขต 4,กรุงเทพและปริมณฑล,เปิดตรวจแล้ว
โรงพยาบาลธัญบุรี,Thanyaburi Hospital,ปทุมธานี,ธัญบุรี,รังสิต,ภาครัฐ,เขต 4,กรุงเทพและปริมณฑล,เปิดตรวจแล้ว
โรงพยาบาลศูนย์บริการการแพทย์นนทบุรี,Nonthaburi Medical Center Hospital,นนทบุรี,บางกรวย,บางขุนกอง,ภาครัฐ,เขต 4,กรุงเทพและปริมณฑล,เปิดตรวจแล้ว
โรงพยาบาลมิตรไมตรี,Mithmitree Hospital,นนทบุรี,ปากเกร็ด,บ้านใหม่,เอกชน,เขต 4,กรุงเทพและปริมณฑล,เปิดตรวจแล้ว
ศูนย์วิจัยทางการแพทย์อาชีวเวชศาสตร์ไทย (บจก.) โรงพยาบาลซีเมด ลีฟวิ่งแคร์,"Thai Occupational Medical Research Center Co., Ltc., SeMed Living Care Hospital",ปทุมธานี,ธัญบุรี ,ประชาธิปัตย์,เอกชน,เขต 4,กรุงเทพและปริมณฑล,เปิดตรวจแล้ว
คลินิกเทคนิคการแพทย์เอ็มไอซีแลบรังสิต,MIC LAB Medical Technic Clinic,ปทุมธานี,คลองหลวง,คลองสอง,เอกชน,เขต 4,กรุงเทพและปริมณฑล,เปิดตรวจแล้ว
ศูนย์วิทยาศาสตร์การแพทย์ที่ 5 สมุทรสงคราม,Regional Medical Sciences Center 5 Samut Songkhram,สมุทรสงคราม,เมืองสมุทรสงคราม,ลาดใหญ่,ภาครัฐ,เขต 5,ต่างจังหวัด,เปิดตรวจแล้ว
โรงพยาบาลนครปฐม,Nakhon Pathom Hospital,นครปฐม,เมืองนครปฐม,พระปฐมเจดีย์,ภาครัฐ,เขต 5,กรุงเทพและปริมณฑล,เปิดตรวจแล้ว
โรงพยาบาลเจ้าพระยายมราช สุพรรณบุรี,Chao Phraya Yommarat Hospital,สุพรรณบุรี,เมืองสุพรรณบุรี,ท่าพี่เลี้ยง,ภาครัฐ,เขต 5,ต่างจังหวัด,เปิดตรวจแล้ว
โรงพยาบาลศุภมิตร สุพรรณบุรี,Supamitr General Hospital Suphunburi,สุพรรณบุรี,เมืองสุพรรณบุรี,ท่าพี่เลี้ยง,เอกชน,เขต 5,ต่างจังหวัด,เปิดตรวจแล้ว
โรงพยาบาลบ้านแพ้ว (องค์การมหาชน),Banphaeo General Hospital,สมุทรสาคร,บ้านแพ้ว,บ้านแพ้ว,ภาครัฐ,เขต 5,กรุงเทพและปริมณฑล,เปิดตรวจแล้ว
โรงพยาบาลมหาชัย,Mahachai Hospital,สมุทรสาคร,เมืองสมุทรสาคร,มหาชัย,เอกชน,เขต 5,กรุงเทพและปริมณฑล,เปิดตรวจแล้ว
โรงพยาบาลหัวหิน,Hua-Hin Hospital,ประจวบคีรีขันธ์,หัวหิน,หัวหิน,ภาครัฐ,เขต 5,ต่างจังหวัด,เปิดตรวจแล้ว
โรงพยาบาลสมุทรสาคร,Samutsakhon Hospital,สมุทรสาคร,เมืองสมุทรสาคร,มหาชัย,ภาครัฐ,เขต 5,กรุงเทพและปริมณฑล,เปิดตรวจแล้ว
โรงพยาบาลวิชัยเวช อินเตอร์เนชั่นแนล (สมุทรสาคร),Vichaivej International Hospital Samutsakhon,สมุทรสาคร,เมืองสมุทรสาคร,ท่าทราย,เอกชน,เขต 5,กรุงเทพและปริมณฑล,เปิดตรวจแล้ว
โรงพยาบาลเอกชัย,Ekachai Hospital,สมุทรสาคร,เมืองสมุทรสาคร,โคกขาม,เอกชน,เขต 5,กรุงเทพและปริมณฑล,เปิดตรวจแล้ว
สำนักงานป้องกันควบคุมโรคที่ 5 ราชบุรี,The Office of Disease Prevention and Control 5 Ratchaburi,ราชบุรี,เมืองราชบุรี,หน้าเมือง,ภาครัฐ,เขต 5,ต่างจังหวัด,เปิดตรวจแล้ว
โรงพยาบาลพหลพลพยุหเสนา,Paholpolpayuhasena Hospital,กาญจนบุรี,เมืองกาญจนบุรี,ปากแพรก,ภาครัฐ,เขต 5,ต่างจังหวัด,เปิดตรวจแล้ว
โรงพยาบาลประจวบคีรีขันธ์,Prachuap Khiri Khan Hospital,ประจวบคีรีขันธ์,เมืองประจวบคีรีขันธ์,ประจวบคีรีขันธ์,ภาครัฐ,เขต 5,ต่างจังหวัด,เปิดตรวจแล้ว
โรงพยาบาลพระจอมเกล้า,Prajomklao Phetchaburi Hospital,เพชรบุรี,เมืองเพชรบุรี,คลองกระแชง,ภาครัฐ,เขต 5,ต่างจังหวัด,เปิดตรวจแล้ว
โรงพยาบาลราชบุรี,Ratchaburi Hospital,ราชบุรี,เมืองราชบุรี,หน้าเมือง,ภาครัฐ,เขต 5,ต่างจังหวัด,เปิดตรวจแล้ว
โรงพยาบาลเจษฎา,Jessada Hospital,สมุทรสาคร,เมืองสมุทรสาคร,มหาชัย,เอกชน,เขต 5,กรุงเทพและปริมณฑล,เปิดตรวจแล้ว
โรงพยาบาลกระทุ่มแบน,Krathumbaen Hospital,สมุทรสาคร,กระทุ่มแบน,ตลาดกระทุ่มแบน,ภาครัฐ,เขต 5,กรุงเทพและปริมณฑล,เปิดตรวจแล้ว
โรงพยาบาลสมเด็จพระพุทธเลิศหล้า,Somdet Phraphutthalertla Hospital,สมุทรสงคราม,เมืองสมุทรสงคราม,แม่กลอง,ภาครัฐ,เขต 5,ต่างจังหวัด,เปิดตรวจแล้ว
โรงพยาบาลบ้านโป่ง,Banpong Hospital,ราชบุรี,บ้านโป่ง,บ้านโป่ง,ภาครัฐ,เขต 5,ต่างจังหวัด,เปิดตรวจแล้ว
โรงพยาบาลโพธาราม,Photharam Hospital,ราชบุรี,โพธาราม,โพธาราม,ภาครัฐ,เขต 5,ต่างจังหวัด,เปิดตรวจแล้ว
โรงพยาบาลค่ายธนะรัชต์,Fort Thanarat Hospital,ประจวบคีรีขันธ์,เมืองประจวบคีรีขันธ์,ประจวบคีรีขันธ์,ภาครัฐ,เขต 5,ต่างจังหวัด,เปิดตรวจแล้ว
โรงพยาบาลมะการักษ์,Makarak Hospital,กาญจนบุรี,ท่ามะกา,ท่ามะกา,ภาครัฐ,เขต 5,ต่างจังหวัด,เปิดตรวจแล้ว
โรงพยาบาลสมเด็จพระสังฆราช องค์ที่ 17,Somdet Phra Sangkharat 17th Hospital,สุพรรณบุรี,สองพี่น้อง,สองพี่น้อง,ภาครัฐ,เขต 5,ต่างจังหวัด,เปิดตรวจแล้ว
โรงพยาบาลมหาชัย 2,Mahachai 2 Hospital,สมุทรสาคร,กระทุ่มแบน,อ้อมน้อย,เอกชน,เขต 5,กรุงเทพและปริมณฑล,เปิดตรวจแล้ว
โรงพยาบาลด่านช้าง,Danchang Hospital,สุพรรณบุรี,ด่านช้าง,หนองมะค่าโมง,ภาครัฐ,เขต 5,ต่างจังหวัด,เปิดตรวจแล้ว
โรงพยาบาลปากท่อ,Pak Tho Hospital,ราชบุรี,ปากท่อ,ปากท่อ,ภาครัฐ,เขต 5,ต่างจังหวัด,เปิดตรวจแล้ว
บริษัท เนชั่นแนล เฮลท์แคร์ ซิสเท็มส์ จำกัด สาขาโรงพยาบาลกรุงเทพเพชรบุรี,"National Healthcare Systems Co., Ltd., Bangkok Hospital PhetchaburiNational ",เพชรบุรี,เมืองเพชรบุรี,ต้นมะม่วง,เอกชน,เขต 5,ต่างจังหวัด,เปิดตรวจแล้ว
โรงพยาบาลบางสะพาน,Bangsaphan Hospital,ประจวบคีรีขันธ์,บางสะพาน,กำเนิดนพคุณ,ภาครัฐ,เขต 5,ต่างจังหวัด,เปิดตรวจแล้ว
โรงพยาบาลวิภาราม สมุทรสาคร,Vibharam Samutsakhon Hospital,สมุทรสาคร,เมืองสมุทรสาคร ,บางกระเจ้า,เอกชน,เขต 5,กรุงเทพและปริมณฑล,เปิดตรวจแล้ว
โรงพยาบาลเมตตาประชารักษ์ (วัดไร่ขิง),Mettapracharak Watraikhing Hospital,นครปฐม,สามพราน,ไร่ขิง,ภาครัฐ,เขต 5,กรุงเทพและปริมณฑล,เปิดตรวจแล้ว
โรงพยาบาลท่ายาง,Thayang Hospital,เพชรบุรี,ท่ายาง,ท่ายาง,ภาครัฐ,เขต 5,ต่างจังหวัด,เปิดตรวจแล้ว
โรงพยาบาลมหาชัยเพชรรัชต์,Mahachaipetcharat Hospital,เพชรบุรี,เมืองเพชรบุรีี,บ้านหม้อ,เอกชน,เขต 5,ต่างจังหวัด,เปิดตรวจแล้ว
โรงพยาบาลปราณบุรี,Pranburi Hospital,ประจวบคีรีขันธ์,ปราณบุรี,วังก์พง,ภาครัฐ,เขต 5,ต่างจังหวัด,เปิดตรวจแล้ว
โรงพยาบาลวิชัยเวช อินเตอร์เนชั่นแนล อ้อมน้อย,Vichaivej International Hospital. Omnoi,สมุทรสาคร,กระทุ่มแบน,อ้อมน้อย,เอกชน,เขต 5,กรุงเทพและปริมณฑล,เปิดตรวจแล้ว
โรงพยาบาลมหาชัยพร้อมแพทย์,Mahachai Prompathya Hospital,ราชบุรี,เมืองราชบุรี,หน้าเมือง,เอกชน,เขต 5,ต่างจังหวัด,เปิดตรวจแล้ว
บี เวล เมดิคอล สหคลินิก,Be well Medicla Center,ประจวบคีรีขันธ์,หัวหิน,หนองแก,เอกชน,เขต 5,ต่างจังหวัด,เปิดตรวจแล้ว
โรงพยาบาลมหาชัยแม่กลอง,Mahachai Mae Klong Hospital,สมุทรสงคราม,เมืองสมุทรสงคราม,แม่กลอง,เอกชน,เขต 5,ต่างจังหวัด,เปิดตรวจแล้ว
ศูนย์วิทยาศาสตร์การแพทย์ที่ 6 ชลบุรี,F,ชลบุรี,เมืองชลบุรี,เสม็ด,ภาครัฐ,เขต 6,ต่างจังหวัด,เปิดตรวจแล้ว
สำนักงานป้องกันควบคุมโรคที่ 6 ชลบุรี,The Office of Disease Prevention and Control 6 Chonburi,ชลบุรี,เมืองชลบุรี,บ้านสวน,ภาครัฐ,เขต 6,ต่างจังหวัด,เปิดตรวจแล้ว
โรงพยาบาลสมเด็จพระบรมราชเทวี ณ ศรีราชา,Queen Savang Vadhana Memorial Hospital or Somdej Phra Boromma Ratchathewi Na Si Racha Hospital,ชลบุรี,ศรีราชา,ศรีราชา,ภาครัฐ,เขต 6,ต่างจังหวัด,เปิดตรวจแล้ว
โรงพยาบาลชลบุรี,Chonburi Hospital,ชลบุรี,เมืองชลบุรี,บ้านสวน,ภาครัฐ,เขต 6,ต่างจังหวัด,เปิดตรวจแล้ว
โรงพยาบาลวิภาราม อมตะนคร,Vibharam Amata Nakorn Hospital,ชลบุรี,เมืองชลบุรี,คลองตำหรุ,เอกชน,เขต 6,ต่างจังหวัด,เปิดตรวจแล้ว
โรงพยาบาลบางละมุง,Banglamung Hospital,ชลบุรี,บางละมุง,นาเกลือ,ภาครัฐ,เขต 6,ต่างจังหวัด,เปิดตรวจแล้ว
ศูนย์สุขภาพอ๊อคซิแคร์ สหคลินิก,Occicare Medical Center,ชลบุรี,เมืองชลบุรี,บ้านสวน,เอกชน,เขต 6,ต่างจังหวัด,เปิดตรวจแล้ว
โรงพยาบาลสมุทรปราการ,Samutprakarn Hospital,สมุทรปราการ,เมืองสมุทรปราการ,ปากน้ำ,ภาครัฐ,เขต 6,กรุงเทพและปริมณฑล,เปิดตรวจแล้ว
โรงพยาบาลจุฬารัตน์ 3 อินเตอร์,Chularat 3 International Hospital,สมุทรปราการ,บางพลี,บางปลา,เอกชน,เขต 6,กรุงเทพและปริมณฑล,เปิดตรวจแล้ว
โรงพยาบาลพริ้นซ์ สุวรรณภูมิ,Princ Hospital Suvarnabhumi,สมุทรปราการ,บางพลี,บางแก้ว,เอกชน,เขต 6,กรุงเทพและปริมณฑล,เปิดตรวจแล้ว
โรงพยาบาลบางนา 5,Bangna 5 Hospital,สมุทรปราการ,บางพลี,บางพลีใหญ่,เอกชน,เขต 6,กรุงเทพและปริมณฑล,เปิดตรวจแล้ว
โรงพยาบาลจุฬารัตน์ 9 แอร์พอร์ต,Chularat 9 Airport Hospital,สมุทรปราการ,บางพลี,ราชาเทวะ,เอกชน,เขต 6,กรุงเทพและปริมณฑล,เปิดตรวจแล้ว
โรงพยาบาลสมเด็จพระยุพราชสระแก้ว,Somdet Phra Yupparat Srakaew Hospital,สระแก้ว,เมืองสระแก้ว,สระแก้ว,ภาครัฐ,เขต 6,ต่างจังหวัด,เปิดตรวจแล้ว
โรงพยาบาลเกษมราษฎร์ อินเตอร์เนชั่นแนล อรัญประเทศ,Kasemrad International Hospital Aranyaprathet,สระแก้ว,อรัญประเทศ,บ้านใหม่หนองไทร,เอกชน,เขต 6,ต่างจังหวัด,เปิดตรวจแล้ว
โรงพยาบาลพระปกเกล้า,Prapokklao Hospital,จันทบุรี,เมืองจันทบุรี,ตลาด,ภาครัฐ,เขต 6,ต่างจังหวัด,เปิดตรวจแล้ว
โรงพยาบาลสิริเวช จันทบุรี,Sirivej Hospital Chanthaburi,จันทบุรี,เมืองจันทบุรี,จันทนิมิต,เอกชน,เขต 6,ต่างจังหวัด,เปิดตรวจแล้ว
โรงพยาบาลพุทธโสธร,Phutthasothon Hospital,ฉะเชิงเทรา,เมืองฉะเชิงเทรา,หน้าเมือง,ภาครัฐ,เขต 6,ต่างจังหวัด,เปิดตรวจแล้ว
โรงพยาบาลเกษมราษฎร์ ฉะเชิงเทรา,Kasemrad Hospital Chacheongsao,ฉะเชิงเทรา,เมืองฉะเชิงเทรา,หน้าเมือง,เอกชน,เขต 6,ต่างจังหวัด,เปิดตรวจแล้ว
โรงพยาบาลสมเด็จพระนางเจ้าสิริกิติ์ กรมแพทย์ทหารเรือ,"Somdej Pranangchao Sirikit Hospital, Naval Medical Department",ชลบุรี,สัตหีบ,พลูตาหลวง,ภาครัฐ,เขต 6,ต่างจังหวัด,เปิดตรวจแล้ว
โรงพยาบาลระยอง,Rayong Hospital,ระยอง,เมืองระยอง,ท่าประดู่,ภาครัฐ,เขต 6,ต่างจังหวัด,เปิดตรวจแล้ว
โรงพยาบาลตราด,Trat Hospital,ตราด,เมืองตราด,วังกระแจะ,ภาครัฐ,เขต 6,ต่างจังหวัด,เปิดตรวจแล้ว
โรงพยาบาลเจ้าพระยาอภัยภูเบศร,Chao Phraya Abhaibhubejhr Hospital,ปราจีนบุรี,เมืองปราจีนบุรี,ท่างาม,ภาครัฐ,เขต 6,ต่างจังหวัด,เปิดตรวจแล้ว
บริษัท แล็บเฮาส์ (ชลบุรี) จำกัด,"Lab House (Chonburi) Co., Ltd.",ชลบุรี,เมืองชลบุรี,เสม็ด,เอกชน,เขต 6,ต่างจังหวัด,เปิดตรวจแล้ว
เนชั่นแนลเฮลท์แคร์ ซิสเท็มส์ คลินิกเทคนิคการแพทย์ สาขาระยอง,"National Healthcare Systems Co., Ltd., Medical Technic Clinic, Rayong Branch",ระยอง,เมืองระยอง,เนินพระ,เอกชน,เขต 6,ต่างจังหวัด,เปิดตรวจแล้ว
เนชั่นแนลเฮลท์แคร์ ซิสเท็มส์ คลินิกเทคนิคการแพทย์ สาขาพัทยา,"National Healthcare Systems Co., Ltd., Medical Technic Clinic, Pattaya Branch",ชลบุรี,บางละมุง,นาเกลือ,เอกชน,เขต 6,ต่างจังหวัด,เปิดตรวจแล้ว
โรงพยาบาลจุฬารัตน์ระยอง,Chularat Rayong Hospital,ระยอง,เมืองระยอง,ท่าประดู่,เอกชน,เขต 6,ต่างจังหวัด,เปิดตรวจแล้ว
บริษัท เอเชีย แล็บบอราทอรี่ เซ็นเตอร์ จำกัด,"Asia Laboratory Center Co.,Ltd.",สมุทรปราการ,เมืองสมุทรปราการ,บางเมือง,เอกชน,เขต 6,กรุงเทพและปริมณฑล,เปิดตรวจแล้ว
โรงพยาบาลรามาธิบดีจักรีนฤบดินทร์,Ramadhibodi Chakri Naruebodindra Hospital ,สมุทรปราการ,บางพลี,บางปลา,ภาครัฐ,เขต 6,กรุงเทพและปริมณฑล,เปิดตรวจแล้ว
สถาบันราชประชาสมาสัย,Rajprachasamasia Institute,สมุทรปราการ,พระประแดง,บางหญ้าแพรก,ภาครัฐ,เขต 6,กรุงเทพและปริมณฑล,เปิดตรวจแล้ว
โรงพยาบาลเมืองสมุทรปากน้ำ,Muangsamut Paknam Hospital,สมุทรปราการ,เมืองสมุทรปราการ,ปากน้ำ,เอกชน,เขต 6,กรุงเทพและปริมณฑล,เปิดตรวจแล้ว
โรงพยาบาลเอกชล 2,Aikchol Hospital 2,ชลบุรี,เมืองชลบุรี,เสม็ด,เอกชน,เขต 6,ต่างจังหวัด,เปิดตรวจแล้ว
โรงพยาบาลบางปะกอกสมุทรปราการ,Bangpakok Hospital Samutprakan,สมุทรปราการ,พระประแดง,บางครุ,เอกชน,เขต 6,กรุงเทพและปริมณฑล,เปิดตรวจแล้ว
โรงพยาบาลศิครินทร์ สมุทรปราการ,Sikarin Samut PrakanHospital,สมุทรปราการ,เมืองสมุทรปราการ,บางปูใหม่,เอกชน,เขต 6,กรุงเทพและปริมณฑล,เปิดตรวจแล้ว
โรงพยาบาลบางพลี,Bangplee Hospital,สมุทรปราการ,บางพลี,บางพลีใหญ่,ภาครัฐ,เขต 6,กรุงเทพและปริมณฑล,เปิดตรวจแล้ว
โรงพยาบาลเกษมราษฎร์ ปราจีนบุรี,Kasemrad Prachinburi Hospital ,ปราจีนบุรี,ศรีมหาโพธิ,ท่าตูม,เอกชน,เขต 6,ต่างจังหวัด,เปิดตรวจแล้ว
โรงพยาบาลจุฬารัตน์ 11 อินเตอร์,Chularat 11 International Hospital,ฉะเชิงเทรา,บางปะกง,บางวัว,เอกชน,เขต 6,ต่างจังหวัด,เปิดตรวจแล้ว
หน่วยกามโรคและโรคเอดส์ที่ 6.1  อำเภอบางละมุง (ศูนย์พัทยารักษ์) สำนักงานป้องกันควบคุมโรคที่ 6 จังหวัดชลบุรี,"Veneral Disease and Aids unit 6, Amphoe Banglamung (Patta+yarak Health Unit)",ชลบุรี,เมืองชลบุรี,บ้านสวน,ภาครัฐ,เขต 6,ต่างจังหวัด,เปิดตรวจแล้ว
โรงพยาบาลอรัญประเทศ,Aranyaprathet Hospital,สระแก้ว,อรัญประเทศ,อรัญประเทศ,ภาครัฐ,เขต 6,ต่างจังหวัด,เปิดตรวจแล้ว
บริษัทเนชั่นแนล เฮลท์แคร์ ซิสเท็มส์ จำกัด สาขาโรงพยาบาลสมิติเวช ศรีราชา,"National Healthcare Systems Co., Ltd., Samitivej Sriracha Branch",ชลบุรี,ศรีราชา,ศรีราชา,เอกชน,เขต 6,ต่างจังหวัด,เปิดตรวจแล้ว
บริษัท เนชั่นแนล เฮลท์แคร์ ซิสเท็มส์ จำกัด สาขา ประจำโรงพยาบาล กรุงเทพจันทบุรี,"National Healthcare Systems Co., Ltd., Bangkok Hospital Chanthaburi Branch",จันทบุรี,เมืองจันทบุรี,วัดใหม่,เอกชน,เขต 6,ต่างจังหวัด,เปิดตรวจแล้ว
โรงพยาบาลสินแพทย์ เทพารักษ์,Synphaet Hospital Theparak,สมุทรปราการ,เมืองสมุทรปราการ,เทพารักษ์,เอกชน,เขต 6,กรุงเทพและปริมณฑล,เปิดตรวจแล้ว
โรงพยาบาลเมืองพัทยา,Pattaya City Hospital,ชลบุรี,บางละมุง,หนองปรือ,ภาครัฐ,เขต 6,ต่างจังหวัด,เปิดตรวจแล้ว
โรงพยาบาลบางบ่อ,Bangbo Hospital,สมุทรปราการ,บางบ่อ,บางเพรียง,ภาครัฐ,เขต 6,กรุงเทพและปริมณฑล,เปิดตรวจแล้ว
โรงพยาบาลเปาโล สมุทรปราการ,Paolo Hospital Samutprakarn,สมุทรปราการ,เมืองสมุทรปราการ,บางเมือง,เอกชน,เขต 6,กรุงเทพและปริมณฑล,เปิดตรวจแล้ว
บริษัท เนชั่นแนล เฮลท์แคร์ ซิสเท็มส์ จำกัด สาขาโรงพยาบาลกรุงเทพ พัทยา,"National Healthcare Systems Co., Ltd., Bangkok Hospital Pattaya",ชลบุรี,บางละมุง,นาเกลือ,เอกชน,เขต 6,ต่างจังหวัด,เปิดตรวจแล้ว
โรงพยาบาลวิภารามแหลมฉบัง,Vibharam Laemchabang Hospital,ชลบุรี,ศรีราชา,ทุ่งสุขลา,เอกชน,เขต 6,ต่างจังหวัด,เปิดตรวจแล้ว
โรงพยาบาลเปาโล พระประแดง,Paolo Phrapradaeng Hospital,สมุทรปราการ,พระสมุทรเจดีย์,ปากคลองบางปลากด,เอกชน,เขต 6,กรุงเทพและปริมณฑล,เปิดตรวจแล้ว
บริษัท เนชั่นแนล เฮลแคร์ ซิสเท็มส์ จำกัด สาขาโรงพยาบาลสมิติเวช ชลบุรี,"National Healthcare Systems Co., Ltd., Samitivej Sriracha Hospital",ชลบุรี,เมืองชลบุรี,บ้านสวน,เอกชน,เขต 6,ต่างจังหวัด,เปิดตรวจแล้ว
บริษัท ดิ ยูนิค เวท เทสติ้ง แลปโบราทอรี่ จำกัด,The Unique Vet Testing Laboratory,สมุทรปราการ,บางพลี,บางพลีใหญ่,เอกชน,เขต 6,กรุงเทพและปริมณฑล,เปิดตรวจแล้ว
บริษัท เนชั่นแนล เฮลท์แคร์ ซิสเท็มส์ จำกัด สาขาโรงพยาบาลกรุงเทพระยอง,"National Healthcare Systems Co., Ltd., Bangkok Hospital Rayong",ระยอง,เมืองระยอง,เนินพระ,เอกชน,เขต 6,ต่างจังหวัด,เปิดตรวจแล้ว
โรงพยาบาลจุฬารัตน์ 304 อินเตอร์,Chularat 304 International Hospital,ปราจีนบุรี,ศรีมหาโพธิ,กรอกสมบูรณ์,เอกชน,เขต 6,ต่างจังหวัด,เปิดตรวจแล้ว
โรงพยาบาลกบินทร์บุรี,Kabinburi Hospital,ปราจีนบุรี,กบินทร์บุรี,กบินทร์,ภาครัฐ,เขต 6,ต่างจังหวัด,เปิดตรวจแล้ว
นาโนคลินิกเทคนิคการแพทย์,Nano Medical Technic Clinic,ชลบุรี,เมืองชลบุรี,เสม็ด,เอกชน,เขต 6,ต่างจังหวัด,เปิดตรวจแล้ว
โรงพยาบาลพระสมุทรเจดีย์สวาทยานนท์,Phra Samut Chedi Sawat Yanon Hospital,สมุทรปราการ,พระสมุทรเจดีย์,นาเกลือ,ภาครัฐ,เขต 6,กรุงเทพและปริมณฑล,เปิดตรวจแล้ว
คลินิกเทคนิคการแพทย์ เอ เท็น แล็บ,"A Ten Lab, Medical Technic Clinic",สมุทรปราการ,เมืองสมุทรปราการ,บางเมืองใหม่,เอกชน,เขต 6,ต่างจังหวัด,เปิดตรวจแล้ว
บริษัท เนชั่นแนล เฮลท์แคร์ ซิสเท็มส์ จำกัด สาขาโรงพยาบาลจอมเทียน,"National Healthcare Systems Co., Ltd., Jomtien Hospital",ชลบุรี,บางละมุง,หนองปรือ,เอกชน,เขต 6,ต่างจังหวัด,เปิดตรวจแล้ว
บริษัทอาร์ไอเอ แลบบอราทอรี่ จำกัด,"RIA Laboratory Co., Ltd.,",ชลบุรี,เมืองชลบุรี,บ้านสวน,เอกชน,เขต 6,ต่างจังหวัด,เปิดตรวจแล้ว
สหคลินิกตรวจสุขภาพมาบตาพุด ,Mabtaput  Easternhealth Clinic,ระยอง,เมืองระยอง,มาบตาพุด,เอกชน,เขต 6,ต่างจังหวัด,เปิดตรวจแล้ว
โรงพยาบาลรวมชัยประชารักษ์,Ruamchai Pracharug Hospital,สมุทรปราการ,บางบ่อ,บางบ่อ,เอกชน,เขต 6,กรุงเทพและปริมณฑล,เปิดตรวจแล้ว
เอ็มไอทีชลบุรี คลินิกเทคนิคการแพทย์,MIT Chonburi Medical Technic Clinic,ชลบุรี,ศรีราชา,ทุ่งสุขลา,เอกชน,เขต 6,ต่างจังหวัด,เปิดตรวจแล้ว
บริษัท เนชั่นแนล เฮลท์แคร์ ซิสเท็มส์ จำกัด สาขาโรงพยาบาลกรุงเทพตราด,"National Healthcare Systems Co., Ltd., Bangkok Hospital Trat",ตราด,เมืองตราด,วังกระแจะ,เอกชน,เขต 6,ต่างจังหวัด,เปิดตรวจแล้ว
โรงพยาบาลบางเสาธง,Bang sao thong Hospital,สมุทรปราการ,บางเสาธง,บางเสาธง,ภาครัฐ,เขต 6,กรุงเทพและปริมณฑล,เปิดตรวจแล้ว
เฮลธ์ อินฟินิตี คลีนิคเทคนิคการแพทย์,Healt Infinity Medical Technic Clinic,สมุทรปราการ,บางพลี,บางโฉลง,เอกชน,เขต 6,กรุงเทพและปริมณฑล,เปิดตรวจแล้ว
โรงพยาบาลปิยะเวชช์ ระยอง,Piyaveii Rayong Hospital,ระยอง,ปลวกแดง,มาบยางพร,เอกชน,เขต 6,ต่างจังหวัด,เปิดตรวจแล้ว
บี แลบบอราทอรี่ เซ็นเตอร์ คลินิกเทคนิคการแพทย์,"B Laboratory Center, Medical Technic Clinic",ระยอง,เมืองระยอง,ทับมา,เอกชน,เขต 6,ต่างจังหวัด,เปิดตรวจแล้ว
โรงพยาบาลค่ายจักรพงษ์,Fort Chakrapong Camp Hospital,ปราจีนบุรี,เมืองปราจีนบุรี,ดงพระราม,ภาครัฐ,เขต 6,ต่างจังหวัด,เปิดตรวจแล้ว
โรงพยาบาลจุฬารัตน์ ชลเวช,Chularat Cholvaej Hospital,ชลบุรี,เมืองชลบุรี,บางปลาสร้อย,เอกชน,เขต 6,ต่างจังหวัด,เปิดตรวจแล้ว
โรงพยาบาลเดอะซีพลัส สมุทรปราการ,The C Plus Hospital Samutprakarn,สมุทรปราการ,เมืองสมุทรปราการ,แพรกษา,เอกชน,เขต 6,กรุงเทพและปริมณฑล,เปิดตรวจแล้ว
เนชั่นแนล เฮลท์แคร์ ซิสเท็มส์ คลินิกเทคนิคการแพทย์ สาขาชลบุรี,"National Healthcare Systems, Medical Technic Clinic, Chonburi",ชลบุรี,เมือง,บ้านสวน,เอกชน,เขต 6,ต่างจังหวัด,เปิดตรวจแล้ว
ศูนย์วิทยาศาสตร์การแพทย์ที่ 7 ขอนแก่น,Regional Medical Sciences Center 7 Khon Kaen,ขอนแก่น,เมืองขอนแก่น,ศิลา,ภาครัฐ,เขต 7,ต่างจังหวัด,เปิดตรวจแล้ว
โรงพยาบาลศรีนครินทร์ มหาวิทยาลัยขอนแก่น,"Sikarin Hospital, Faculty of Medicine, Khon Kaen University",ขอนแก่น,เมืองขอนแก่น,ในเมือง,ภาครัฐ,เขต 7,ต่างจังหวัด,เปิดตรวจแล้ว
โรงพยาบาลขอนแก่น,Khon Kaen Hospital,ขอนแก่น,เมืองขอนแก่น,ในเมือง,ภาครัฐ,เขต 7,ต่างจังหวัด,เปิดตรวจแล้ว
โรงพยาบาลชุมแพ,Chumphae Hospital,ขอนแก่น,ชุมแพ,ชุมแพ,ภาครัฐ,เขต 7,ต่างจังหวัด,เปิดตรวจแล้ว
โรงพยาบาลร้อยเอ็ด,Roi Et Hospital,ร้อยเอ็ด,เมืองร้อยเอ็ด,ในเมือง,ภาครัฐ,เขต 7,ต่างจังหวัด,เปิดตรวจแล้ว
สำนักงานป้องกันควบคุมโรคที่ 7 ขอนแก่น,The Office of Disease Prevention and Control 7 Khon Kaen,ขอนแก่น,เมืองขอนแก่น,ในเมือง,ภาครัฐ,เขต 7,ต่างจังหวัด,เปิดตรวจแล้ว
โรงพยาบาลสุทธาเวช คณะแพทยศาสตร์ มหาวิทยาลัยมหาสารคาม,"Suthawet Hospital, Faculty of Medicine, Mahasarakham University",มหาสารคาม,เมืองมหาสารคาม,ตลาด,ภาครัฐ,เขต 7,ต่างจังหวัด,เปิดตรวจแล้ว
โรงพยาบาลกาฬสินธุ์,Kalasin Hospital,กาฬสินธุ์,เมืองกาฬสินธุ์,กาฬสินธุ์,ภาครัฐ,เขต 7,ต่างจังหวัด,เปิดตรวจแล้ว
โรงพยาบาลมหาสารคาม,Mahasarakham Hospital,มหาสารคาม,เมืองมหาสารคาม,ตลาด,ภาครัฐ,เขต 7,ต่างจังหวัด,เปิดตรวจแล้ว
โรงพยาบาลขอนแก่นราม,Khonkaen Ram Hospital,ขอนแก่น,เมืองขอนแก่น,ในเมือง,เอกชน,เขต 7,ต่างจังหวัด,เปิดตรวจแล้ว
โรงพยาบาลสิรินธร จังหวัดขอนแก่น,Sirindhorn Province Khonkaen Hospital,ขอนแก่น,บ้านแฮด,โนนสมบูรณ์,ภาครัฐ,เขต 7,ต่างจังหวัด,เปิดตรวจแล้ว
โรงพยาบาลยางตลาด,Yangtalad Hospital ,กาฬสินธุ์,ยางตลาด,ยางตลาด,ภาครัฐ,เขต 7,ต่างจังหวัด,เปิดตรวจแล้ว
โรงพยาบาลโพนทอง,Phonthong Hospital,ร้อยเอ็ด,โพนทอง,สระนกแก้ว,ภาครัฐ,เขต 7,ต่างจังหวัด,เปิดตรวจแล้ว
โรงพยาบาลราชพฤกษ์,Ratchaphruek Hospital,ขอนแก่น,เมือง,ในเมือง,เอกชน,เขต 7,ต่างจังหวัด,เปิดตรวจแล้ว
คลังเลือดกลาง คณะแพทยศาสตร์ มหาวิทยาลัยขอนแก่น,Faculty of Medicine Khon Kaen University,ขอนแก่น,เมืองขอนแก่น,ในเมือง,ภาครัฐ,เขต 7,ต่างจังหวัด,เปิดตรวจแล้ว
โรงพยาบาลสุวรรณภูมิ,Suwannaphum Hospital,ร้อยเอ็ด,สุวรรณภูมิ,สระคู,ภาครัฐ,เขต 7,ต่างจังหวัด,เปิดตรวจแล้ว
ห้องปฏิบัติการ เนชั่นแนล เฮลท์แคร์ ซิสเท็มส์  สาขา โรงพยาบาลกรุงเทพขอนแก่น,"National Healthcare Systems Co.,Ltd, Bangkok Hospital Khonkaen",ขอนแก่น,เมืองขอนแก่น,ในเมือง,เอกชน,เขต 7,ต่างจังหวัด,เปิดตรวจแล้ว
โรงพยาบาลเกษตรวิสัย,Kasetwisai Hospital,ร้อยเอ็ด,เกษตรวิสัย,เกษตรวิสัย,ภาครัฐ,เขต 7,ต่างจังหวัด,เปิดตรวจแล้ว
โรงพยาบาลสมเด็จพระยุพราชกระนวน,Kranuan Crown Prince Hospital,ขอนแก่น,กระนวน,หนองโก,ภาครัฐ,เขต 7,ต่างจังหวัด,เปิดตรวจแล้ว
โรงพยาบาลค่ายสมเด็จพระพุทธยอดฟ้าจุฬาโลกมหาราช,Fort Somdet Phraphuttayotfachulalok Maharat Hospital,ร้อยเอ็ด,ศรีสมเด็จ,โพธิ์สัย,ภาครัฐ,เขต 7,ต่างจังหวัด,เปิดตรวจแล้ว
โรงพยาบาลพล,Phon Hospital,ขอนแก่น,พล,เมืองพล,ภาครัฐ,เขต 7,ต่างจังหวัด,เปิดตรวจแล้ว
แอทยีนส์ อีสเทิร์น คลินิกเทคนิคการแพทย์,"ATGenes Eastern, Medical Technic Clinic",ขอนแก่่น,เมืองขอนแก่่น,บ้านเป็ด,เอกชน,เขต 7,ต่างจังหวัด,เปิดตรวจแล้ว
โรงพยาบาลกาฬสินธุ์-ธนบุรี,Kalasin Thonburi Hospital,กาฬสินธุ์,เมืองกาฬสินธุ์,กาฬสินธุ์,เอกชน,เขต 7,ต่างจังหวัด,เปิดตรวจแล้ว
โรงพยาบาลสมเด็จ,Somdet Hospital,กาฬสินธุ์,สมเด็จ,สมเด็จ,ภาครัฐ,เขต 7,ต่างจังหวัด,เปิดตรวจแล้ว
โรงพยาบาลร้อยเอ็ด-ธนบุรี,Roi Et-Thonburi Hospital,ร้อยเอ็็ด,เมืองร้อยเอ็็ด,ในเมือง,เอกชน,เขต 7,ต่างจังหวัด,เปิดตรวจแล้ว
ศูนย์วิทยาศาสตร์การแพทย์ที่ 8 อุดรธานี,Regional Medical Sciences Center 8 Udon Thani,อุดรธานี,เมืองอุดรธานี,หนองไผ่,ภาครัฐ,เขต 8,ต่างจังหวัด,เปิดตรวจแล้ว
โรงพยาบาลอุดรธานี,Udon Thani Hospital,อุดรธานี,เมืองอุดรธานี,หมากแข้ง,ภาครัฐ,เขต 8,ต่างจังหวัด,เปิดตรวจแล้ว
โรงพยาบาลเลย,Loei Hospital,เลย,เมืองเลย,กุดป่อง,ภาครัฐ,เขต 8,ต่างจังหวัด,เปิดตรวจแล้ว
โรงพยาบาลเมืองเลย ราม,Muangloei Ram Hospital,เลย,เมืองเลย,นาอาน,เอกชน,เขต 8,ต่างจังหวัด,เปิดตรวจแล้ว
โรงพยาบาลหนองบัวลำภู,Nong Bua Lamphu Hospital,หนองบัวลำภู,เมืองหนองบัวลำภู,หนองบัว,ภาครัฐ,เขต 8,ต่างจังหวัด,เปิดตรวจแล้ว
โรงพยาบาลหนองคาย,Nong Khai Hospital,หนองคาย,เมืองหนองคาย,ในเมือง,ภาครัฐ,เขต 8,ต่างจังหวัด,เปิดตรวจแล้ว
โรงพยาบาลสกลนคร,Sakonnakhon Hospital,สกลนคร,เมืองสกลนคร,ธาตุเชิงชุม,ภาครัฐ,เขต 8,ต่างจังหวัด,เปิดตรวจแล้ว
โรงพยาบาลสมเด็จพระยุพราชสว่างแดนดิน,"Somdej Phra Yupparaj Sawang, Daen Din Hospital",สกลนคร,สว่างแดนดิน,สว่างแดนดิน,ภาครัฐ,เขต 8,ต่างจังหวัด,เปิดตรวจแล้ว
โรงพยาบาลนครพนม,Nakhon Phanom Hospital,นครพนม,เมืองนครพนม,ในเมือง,ภาครัฐ,เขต 8,ต่างจังหวัด,เปิดตรวจแล้ว
โรงพยาบาลบึงกาฬ,Bueng Kan Hospital,บึงกาฬ,เมืองบึงกาฬ,วิศิษฐ์,ภาครัฐ,เขต 8,ต่างจังหวัด,เปิดตรวจแล้ว
ห้องปฏิบัติการ บริษัทเนชั่นแนล เฮลท์แคร์ ซิสเท็มส์ จำกัด สาขาโรงพยาบาลกรุงเทพอุดร,"National Healthcare Systems Co.,Ltd, Bangkok Hospital Udon",อุดรธานี,เมืองอุดรธานี,หมากแข้ง,เอกชน,เขต 8,ต่างจังหวัด,เปิดตรวจแล้ว
โรงพยาบาลวานรนิวาส,Wanon Niwat Hospital,สกลนคร,วานรนิวาส ,คอนสวรรค์ ,ภาครัฐ,เขต 8,ต่างจังหวัด,เปิดตรวจแล้ว
โรงพยาบาลกุมภวาปี,Kumpawapi Hospital,อุดรธานี,กุมภวาปี,กุมภวาปี,ภาครัฐ,เขต 8,ต่างจังหวัด,เปิดตรวจแล้ว
สำนักงานป้องกันควบคุมโรคที่ 8 จังหวัดอุดรธานี,The Office of Disease Prevention and Control 8 Udon Thani ,อุดรธานี,เมืองอุดรธานี,หมากแข้ง,ภาครัฐ,เขต 8,ต่างจังหวัด,เปิดตรวจแล้ว
ไบโอแคร์ เมดิคัล แล็บคลินิกเทคนิคการแพทย์ ,Bio Medical Lab Medical Technic Clinic,อุดรธานี,เมืองอุดรธานี,หมากแข้ง,เอกชน,เขต 8,ต่างจังหวัด,เปิดตรวจแล้ว
โรงพยาบาลเชียงคาน,Chiangkhan Hospital,เลย,เชียงคาน,เชียงคาน,ภาครัฐ,เขต 8,ต่างจังหวัด,เปิดตรวจแล้ว
หนองคายเฮลท์แล็บ คลินิกเทคนิคการแพทย์,Nongkhai Health Lab,หนองคาย,เมืองหนองคาย,มีชัย,เอกชน,เขต 8,ต่างจังหวัด,เปิดตรวจแล้ว
โรงพยาบาลเซกา,Seka Hospital,บึงกาฬ,เซกา,เซกา,ภาครัฐ,เขต 8,ต่างจังหวัด,เปิดตรวจแล้ว
โรงพยาบาลสมเด็จพระยุพราชท่าบ่อ,Thabo Crown Prince Hospital,หนองคาย,ท่าบ่อ,ท่าบ่อ,ภาครัฐ,เขต 8,ต่างจังหวัด,เปิดตรวจแล้ว
โรงพยาบาลนากลาง,Na Klang Hospital,หนองบัวลำภู,นากลาง,นากลาง,ภาครัฐ,เขต 8,ต่างจังหวัด,เปิดตรวจแล้ว
โรงพยาบาลวังสะพุง,Wangsaphung Hospital,เลย,วังสะพุง,วังสะพุง,ภาครัฐ,เขต 8,ต่างจังหวัด,เปิดตรวจแล้ว
โรงพยาบาลหนองคายวัฒนา,Nongkhai-Wattana General Hospital,หนองคาย,เมืองหนองคาย,มีชัย,เอกชน,เขต 8,ต่างจังหวัด,เปิดตรวจแล้ว
เอ็มไอทีหนองคาย คลินิกเทคนิคการแพทย์,MIT Nongkhai Medical Technic Clinic,หนองคาย,เมืองหนองคาย,มีชัย,เอกชน,เขต 8,ต่างจังหวัด,เปิดตรวจแล้ว
โรงพยาบาลพิสัยเวช,Phisaivech Hospital,หนองคาย,โพนพิสัย,จุมพล,เอกชน,เขต 8,ต่างจังหวัด,เปิดตรวจแล้ว
โรงพยาบาลนอร์ทอีสเทอร์น วัฒนา,North Eastern Wattana Hospital,อุดรธานี,เมืองอุดรธานี,หมากแข้ง,เอกชน,เขต 8,ต่างจังหวัด,เปิดตรวจแล้ว
ศูนย์วิทยาศาสตร์การแพทย์ที่ 9 นครราชสีมา,Regional Medical Sciences Center 9 Nakhon Ratchasima,นครราชสีมา,เมืองนครราชสีมา,หนองบัวศาลา,ภาครัฐ,เขต 9,ต่างจังหวัด,เปิดตรวจแล้ว
โรงพยาบาลมหาราชนครราชสีมา,Maharat Nakhon Ratchasima Hospital,นครราชสีมา,เมืองนครราชสีมา,ในเมือง,ภาครัฐ,เขต 9,ต่างจังหวัด,เปิดตรวจแล้ว
โรงพยาบาลมหาวิทยาลัยเทคโนโลยีสุรนารี,Suranaree University of Technology Hospital,นครราชสีมา,เมืองนครราชสีมา,สุรนารี,ภาครัฐ,เขต 9,ต่างจังหวัด,เปิดตรวจแล้ว
โรงพยาบาลสุรินทร์,Surin Hospital,สุรินทร์,เมืองสุรินทร์,ในเมือง,ภาครัฐ,เขต 9,ต่างจังหวัด,เปิดตรวจแล้ว
โรงพยาบาลชัยภูมิ,Chaiyaphum Hospital,ชัยภูมิ,เมืองชัยภูมิ,ในเมือง,ภาครัฐ,เขต 9,ต่างจังหวัด,เปิดตรวจแล้ว
โรงพยาบาลภูเขียวเฉลิมพระเกียรติ,Phu Khiao Hospital,ชัยภูมิ,ภูเขียว,ผักปัง,ภาครัฐ,เขต 9,ต่างจังหวัด,เปิดตรวจแล้ว
โรงพยาบาลบุรีรัมย์,Buriram Hospital,บุรีรัมย์,เมืองบุรีรัมย์,ในเมือง,ภาครัฐ,เขต 9,ต่างจังหวัด,เปิดตรวจแล้ว
โรงพยาบาลเทพรัตน์นครราชสีมา,Thepparat Hospital Ratchasima,นครราชสีมา,เมืองนครราชสีมา,โคกกรวด,ภาครัฐ,เขต 9,ต่างจังหวัด,เปิดตรวจแล้ว
โรงพยาบาลปากช่องนานา,Pak Chong Nana Hospital,นครราชสีมา,ปากช่อง,ปากช่อง,ภาครัฐ,เขต 9,ต่างจังหวัด,เปิดตรวจแล้ว
สำนักงานป้องกันควบคุมโรคที่ 9 นครราชสีมา,The Office of Disease Prevention and Control 9 Nakhon Ratchasima,นครราชสีมา,เมืองนครราชสีมา,หนองบัวศาลา,ภาครัฐ,เขต 9,ต่างจังหวัด,เปิดตรวจแล้ว
โรงพยาบาลปราสาท,Prasat Hospital,สุรินทร์,ปราสาท,กังแอน,ภาครัฐ,เขต 9,ต่างจังหวัด,เปิดตรวจแล้ว
ห้องปฏิบัติการ ไบโอโมเลกุลลาร์ ประจำโรงพยาบาลกรุงเทพราชสีมา,"Bio Molecular Laboratories (Thailand) Co., Ltd., Bangkok Hospital Ratchasima Branch",นครราชสีมา,เมืองนครราชสีมา,ในเมือง,เอกชน,เขต 9,ต่างจังหวัด,เปิดตรวจแล้ว
โรงพยาบาลศีขรภูมิ,Sikhoraphum Hospital ,สุรินทร์,ศีขรภูมิ,ระแงง,ภาครัฐ,เขต 9,ต่างจังหวัด,เปิดตรวจแล้ว
โรงพยาบาลสตึก,Satuek Hospital,บุรีรัมย์,สตึก,นิคม,ภาครัฐ,เขต 9,ต่างจังหวัด,เปิดตรวจแล้ว
โรงพยาบาลนางรอง,Nangrong Hospital ,บุรีรัมย์,นางรอง,นางรอง,ภาครัฐ,เขต 9,ต่างจังหวัด,เปิดตรวจแล้ว
โรงพยาบาลค่ายสุรนารี,Fort Suranaree Hospital,นครราชสีมา,เมือง,หนองไผ่ล้อม,ภาครัฐ,เขต 9,ต่างจังหวัด,เปิดตรวจแล้ว
โรงพยาบาลพิมาย,Phimai Hospital,นครราชสีมา,พิมาย,ในเมือง,ภาครัฐ,เขต 9,ต่างจังหวัด,เปิดตรวจแล้ว
โรงพยาบาลครบุรี,Khonburi Hospital,นครราชสีมา,ครบุรี,ครบุรี,ภาครัฐ,เขต 9,ต่างจังหวัด,เปิดตรวจแล้ว
พรีเมี่ยมแล็บ คลินิกเทคนิคการแพทย์,Premium Lab Medical Technic Clinic,สุรินทร์์,เมืองสุรินทร์,ในเมือง,เอกชน,เขต 9,ต่างจังหวัด,เปิดตรวจแล้ว
โรงพยาบาลลำปลายมาศ,Lamplaimat Hospital,บุรีรัมย์,ลำปลายมาศ,ลำปลายมาศ,ภาครัฐ,เขต 9,ต่างจังหวัด,เปิดตรวจแล้ว
บุรีรัมย์ เฮลธ์แคร์ คลินิกเทคนิคการแพทย์,Buri Ram Healthcare Medical Technic Clinic,บุรีรัมย์,เมืองบุรีรัมย์,กระสัง,เอกชน,เขต 9,ต่างจังหวัด,เปิดตรวจแล้ว
โรงพยาบาลบัวใหญ่,Buayai Hospital,นครราชสีมา,บัวใหญ่,บัวใหญ่,ภาครัฐ,เขต 9,ต่างจังหวัด,เปิดตรวจแล้ว
คลินิกเทคนิคการแพทย์ บุรีรัมย์ ฟาสต์ แล็บ,Medical Technic Clinic Buriram Fast Lab,บุรีรัมย์,เมืองบุรีรัมย์,ในเมือง,เอกชน,เขต 9,ต่างจังหวัด,เปิดตรวจแล้ว
โรงพยาบาลประโคนชัย,Prakhon Chai Hospital,บุรีรัมย์,ประโคนชัย,ประโคนชัย,ภาครัฐ,เขต 9,ต่างจังหวัด,เปิดตรวจแล้ว
โรงพยาบาลเซนต์เมรี่,Saint Mary's Hospital,นครราชสีมา,เมืองนครราชสีมา,ประโคนชัย,เอกชน,เขต 9,ต่างจังหวัด,เปิดตรวจแล้ว
โรงพยาบาลหนองบัวแดง,Nongbuadaeng Hospital,ชัยภูมิ,หนองบัวแดง,หนองบัวแดง,ภาครัฐ,เขต 9,ต่างจังหวัด,เปิดตรวจแล้ว
โรงพยาบาลจัตุรัส,Chatturat Hospital,ชัยภูมิ,จัตุรัส,หนองบัวใหญ่,ภาครัฐ,เขต 9,ต่างจังหวัด,เปิดตรวจแล้ว
โรงพยาบาลชัยภูมิ-ราม,Chaiyaphum Ram Hospital,ชัยภูมิ,เมืองชัยภูมิ,ในเมือง,เอกชน,เขต 9,ต่างจังหวัด,เปิดตรวจแล้ว
ศูนย์วิทยาศาสตร์การแพทย์ที่ 10 อุบลราชธานี,Regional Medical Sciences Center 10 Ubonratchatani,อุบลราชธานี,เมืองอุบลราชธานี,ขามใหญ่,ภาครัฐ,เขต 10,ต่างจังหวัด,เปิดตรวจแล้ว
สำนักงานป้องกันควบคุมโรคที่ 10 อุบลราชธานี,The Office of Disease Prevention and Control 10 Ubonratchatani,อุบลราชธานี,เมืองอุบลราชธานี,ในเมือง,ภาครัฐ,เขต 10,ต่างจังหวัด,เปิดตรวจแล้ว
โรงพยาบาลราชเวชอุบลราชธานี,Rajavej Ubonratchatani Hospital,อุบลราชธานี,วารินชำราบ,เมืองศรีไค,เอกชน,เขต 10,ต่างจังหวัด,เปิดตรวจแล้ว
โรงพยาบาลมหาวิทยาลัยอุบลราชธานี,Ubon Ratchathani University Hospital,อุบลราชธานี,เมืองอุบลราชธานี,ในเมือง,ภาครัฐ,เขต 10,ต่างจังหวัด,เปิดตรวจแล้ว
โรงพยาบาลศรีสะเกษ,Sisaket Hospital,ศรีสะเกษ,เมืองศรีสะเกษ,เมืองใต้,ภาครัฐ,เขต 10,ต่างจังหวัด,เปิดตรวจแล้ว
โรงพยาบาลสรรพสิทธิประสงค์,Sapprasitthiprasong Hospital,อุบลราชธานี,เมืองอุบลราชธานี,ในเมือง,ภาครัฐ,เขต 10,ต่างจังหวัด,เปิดตรวจแล้ว
โรงพยาบาลมุกดาหาร,Mukdahan Hospital,มุกดาหาร,เมืองมุกดาหาร,มุกดาหาร,ภาครัฐ,เขต 10,ต่างจังหวัด,เปิดตรวจแล้ว
โรงพยาบาลยโสธร,Yasothon Hospital,ยโสธร,เมืองยโสธร,ตาดทอง,ภาครัฐ,เขต 10,ต่างจังหวัด,เปิดตรวจแล้ว
โรงพยาบาลอำนาจเจริญ,Amnat Charoen Hospital,อำนาจเจริญ,เมืองอำนาจเจริญ,บุ่ง,ภาครัฐ,เขต 10,ต่างจังหวัด,เปิดตรวจแล้ว
คลินิกมุกดาหารเฮลท์แล็บ,Mukdahan Health Lab,มุกดาหาร,เมืองมุกดาหาร,มุกดาหาร,เอกชน,เขต 10,ต่างจังหวัด,เปิดตรวจแล้ว
โรงพยาบาลรวมแพทย์ยโสธร,Ruamphaet Yasothon Hospital ,ยโสธร,เมืองยโสธร,ในเมือง,เอกชน,เขต 10,ต่างจังหวัด,เปิดตรวจแล้ว
โรงพยาบาลกันทรลักษ์,Kantharalak hospital,ศรีสะเกษ,กันทรลักษ์,น้ำอ้อม,ภาครัฐ,เขต 10,ต่างจังหวัด,เปิดตรวจแล้ว
โรงพยาบาลวารินชำราบ,Warinchamrab Hospital,อุบลราชธานี,วารินชำราบ,คำน้ำแซบ,ภาครัฐ,เขต 10,ต่างจังหวัด,เปิดตรวจแล้ว
โรงพยาบาลสมเด็จพระยุพราชเดชอุดม,Detudom Royal Crown Prince Hospital,อุบลราชธานี,เดชอุดม,เมืองเดช,ภาครัฐ,เขต 10,ต่างจังหวัด,เปิดตรวจแล้ว
โรงพยาบาลศรีรัตนะ,Sirattana Hospital,ศรีสะเกษ,ศรีรัตนะ,ศรีแก้ว,ภาครัฐ,เขต 10,ต่างจังหวัด,เปิดตรวจแล้ว
โรงพยาบาลส่งเสริมสุขภาพ ศูนย์อนามัยที่ 10 อุบลราชธานี,Regional Health Promotion Center 10 Ubonratchathani,อุบลราชธานี,วารินชำราบ,ธาตุ,ภาครัฐ,เขต 10,ต่างจังหวัด,เปิดตรวจแล้ว
โรงพยาบาลอุบลรักษ์ ธนบุรี,Ubonrak Thonburi Hospital,อุบลราชธานี,เมืองอุบลราชธานี,ในเมือง,เอกชน,เขต 10,ต่างจังหวัด,เปิดตรวจแล้ว
โรงพยาบาลเขื่องใน,hueang Nai Hospital,อุบลราชธานี,เขื่องใน,เขื่องใน,ภาครัฐ,เขต 10,ต่างจังหวัด,เปิดตรวจแล้ว
โรงพยาบาลบุณฑริก,Buntharik Hospital,อุบลราชธานี,บุณฑริก,โพนงาม,ภาครัฐ,เขต 10,ต่างจังหวัด,เปิดตรวจแล้ว
โรงพยาบาล 50 พรรษา มหาวชิราลงกรณ,The 50th Anniversary mahavajiralongkorn Hospital,อุบลราชธานี,เมืองอุบลราชธานี,ไร่น้อย,ภาครัฐ,เขต 10,ต่างจังหวัด,เปิดตรวจแล้ว
เอ็มไอทีเซ็นเตอร์ คลินิกเทคนิคการแพทย์,"MIT Center, Medical Technic Clinic",มุกดาหาร,เมืองมุกดาหาร,บางทรายใหญ่,เอกชน,เขต 10,ต่างจังหวัด,เปิดตรวจแล้ว
โรงพยาบาลตระการพืชผล,Trakanphuetphon Hospital,อุบลราชธานี,ตระการพืชผล,ขุหลุ,ภาครัฐ,เขต 10,ต่างจังหวัด,เปิดตรวจแล้ว
โรงพยาบาลขุขันธ์,Khu Khan Hospital,ศรีสะเกษ,ขุขันธ์,หนองฉลอง,ภาครัฐ,เขต 10,ต่างจังหวัด,เปิดตรวจแล้ว
โรงพยาบาลอุทุมพรพิสัย,Uthumphonphisai Hospital,ศรีสะเกษ,อุทุมพรพิสัย,กำแพง,ภาครัฐ,เขต 10,ต่างจังหวัด,เปิดตรวจแล้ว
คิว แล็บ เมดเทค คลินิกเทคนิคการแพทย์,"Q Lab Medtech, Medical Technic Clinic",มุกดาหาร,เมืองมุกดาหาร,บางทรายใหญ่,เอกชน,เขต 10,ต่างจังหวัด,เปิดตรวจแล้ว
โรงพยาบาลพิบูลมังสาหาร,Phiboon Hospital,อุบลราชธานี,พิบูลมังสาหาร,พิบูล,ภาครัฐ,เขต 10,ต่างจังหวัด,เปิดตรวจแล้ว
โรงพยาบาลน้ำยืน,Namyuen Hospital,อุบลราชธานี,น้ำยืน,วิเชียร,ภาครัฐ,เขต 10,ต่างจังหวัด,เปิดตรวจแล้ว
โรงพยาบาลค่ายสรรพสิทธิประสงค์,Fort Sunpasitthiprasong Hospital,อุบลราชธานี,วารินชำราบ,แสนสุข,ภาครัฐ,เขต 10,ต่างจังหวัด,เปิดตรวจแล้ว
โรงพยาบาลมุกดาหารอินเตอร์เนชั่นแนล,Mukdahan International Hospital,มุกดาหาร,เมืองมุกดาหาร,ศรีบุญเรือง,เอกชน,เขต 10,ต่างจังหวัด,เปิดตรวจแล้ว
ศูนย์วิทยาศาสตร์การแพทย์ที่ 11 สุราษฎร์ธานี,Regional Medical Sciences Center 11 Suratthani,สุราษฎร์ธานี,เมืองสุราษฎร์ธานี,ขุนทะเล,ภาครัฐ,เขต 11,ต่างจังหวัด,เปิดตรวจแล้ว
ศูนย์วิทยาศาสตร์การแพทย์ที่ 11/1 ภูเก็ต,Regional Medical Sciences Center 11/1 Phuket,ภูเก็ต,ถลาง,ศรีสุนทร,ภาครัฐ,เขต 11,ต่างจังหวัด,เปิดตรวจแล้ว
โรงพยาบาลสุราษฏร์ธานี,Suratthani Hospital,สุราษฎร์ธานี,เมืองสุราษฎร์ธานี,มะขามเตี้ย,ภาครัฐ,เขต 11,ต่างจังหวัด,เปิดตรวจแล้ว
โรงพยาบาลเกาะสมุย,Koh Samui Hospital,สุราษฎร์ธานี,เกาะสมุย,อ่างทอง,ภาครัฐ,เขต 11,ต่างจังหวัด,เปิดตรวจแล้ว
บริษัท ไบโอ โมเลกุลาร์ แลบอราทอรีส์ (ประเทศไทย) สาขาโรงพยาบาลกรุงเทพสิริโรจน์,"Bio Molecular Laboratories (Thailand) Co., Ltd., Bangkok Hospital Siriroj Branch",ภูเก็ต,เมืองภูเก็ต,วิชิต,เอกชน,เขต 11,ต่างจังหวัด,เปิดตรวจแล้ว
โรงพยาบาลมหาราช นครศรีธรรมราช,Maharaj Nakhon SI Thammarat Hospital,นครศรีธรรมราช,เมืองนครศรีธรรมราช,ในเมือง,ภาครัฐ,เขต 11,ต่างจังหวัด,เปิดตรวจแล้ว
โรงพยาบาลสิชล,Sichon Hospital,นครศรีธรรมราช,สิชล,สิชล,ภาครัฐ,เขต 11,ต่างจังหวัด,เปิดตรวจแล้ว
โรงพยาบาลทักษิณ,Taksin Hospital,สุราษฎร์ธานี,เมืองสุราษฎร์ธานี,ตลาด,เอกชน,เขต 11,ต่างจังหวัด,เปิดตรวจแล้ว
โรงพยาบาลวชิระ ภูเก็ต,Vachira Phuket Hospital,ภูเก็ต,เมืองภูเก็ต,ตลาดใหญ่,ภาครัฐ,เขต 11,ต่างจังหวัด,เปิดตรวจแล้ว
โรงพยาบาลกระบี่,Krabi Hospital,กระบี่,เมืองกระบี่,ปากน้ำ,ภาครัฐ,เขต 11,ต่างจังหวัด,เปิดตรวจแล้ว
โรงพยาบาลระนอง,Ranong Hospital,ระนอง,เมืองระนอง,เขานิเวศน์,ภาครัฐ,เขต 11,ต่างจังหวัด,เปิดตรวจแล้ว
โรงพยาบาลชุมพรเขตรอุดมศักดิ์,Chumphon Khet Udomsak Hospital,ชุมพร,เมืองชุมพร,ท่าตะเภา,ภาครัฐ,เขต 11,ต่างจังหวัด,เปิดตรวจแล้ว
โรงพยาบาลพังงา,Phang-nga Hospital,พังงา,เมืองพังงา,ท้ายช้าง,ภาครัฐ,เขต 11,ต่างจังหวัด,เปิดตรวจแล้ว
โรงพยาบาลตะกั่วป่า,Takuapa Hospital,พังงา,ตะกั่วป่า,บางนายสี,ภาครัฐ,เขต 11,ต่างจังหวัด,เปิดตรวจแล้ว
สำนักงานป้องกันควบคุมโรคที่ 11 นครศรีธรรมราช,The Office of Disease Prevention and Control 11 Nakhon SI Thammarat,นครศรีธรรมราช,เมืองนครศรีธรรมราช,โพธิ์เสด็จ,ภาครัฐ,เขต 11,ต่างจังหวัด,เปิดตรวจแล้ว
โรงพยาบาลมิชชั่นภูเก็ต,Mission Hospital Phuket,ภูเก็ต,เมืองภูเก็ต,รัษฎา,เอกชน,เขต 11,ต่างจังหวัด,เปิดตรวจแล้ว
บริษัท เนชั่นแนล เฮลท์แคร์ ซิสเท็มส์ จำกัด สาขาโรงพยาบาลกรุงเทพสุราษฎร์,"National Healthcare Systems Co.,Ltd, Bangkok Hospital Surat ",สุราษฎร์ธานี,เมืองสุราษฎร์ธานี,วัดประดู่,เอกชน,เขต 11,ต่างจังหวัด,เปิดตรวจแล้ว
เนชั่นแนล เฮลท์แคร์ ซิสเท็มส์ คลินิกเทคนิคการแพทย์สาขานครศรีธรรมราช,"National Healthcare Systems Co.,Ltd, Nakhon Si Thammarat Branch",นครศรีธรรมราช,เมืองนครศรีธรรมราช,ในเมือง,เอกชน,เขต 11,ต่างจังหวัด,เปิดตรวจแล้ว
เซาเทิร์นแล็บ คลินิกเทคนิคการแพทย์,Southern Medical Technology Clinic,สุราษฎร์ธานี,กาญจนดิษฐ์,ช้างขวา,เอกชน,เขต 11,ต่างจังหวัด,เปิดตรวจแล้ว
โรงพยาบาลบ้านนาสาร,Bannasan Hospital,สุราษฎร์ธานี,บ้านนาสาร,นาสาร,ภาครัฐ,เขต 11,ต่างจังหวัด,เปิดตรวจแล้ว
โรงพยาบาลท่าศาลา,Thasala Hospital,นครศรีธรรมราช,ท่าศาลา,ท่าศาลา,ภาครัฐ,เขต 11,ต่างจังหวัด,เปิดตรวจแล้ว
ศูนย์บริการเทคนิคการแพทย์ คณะเทคนิคการแพทย์ มหาวิทยาลัยสงขลานครินทร์  วิทยาเขตภูเก็ต,"Medical Technology Service Center, Faculty of Medical Technology,  Prince of Songkla University, Phuket Campus",ภูเก็ต,กะทู้,กะทู้,ภาครัฐ,เขต 11,ต่างจังหวัด,เปิดตรวจแล้ว
โรงพยาบาลทุ่งสง,Thung Song Hospital,นครศรีธรรมราช,ทุ่งสง,หนองหงส์,ภาครัฐ,เขต 11,ต่างจังหวัด,เปิดตรวจแล้ว
โรงพยาบาลหลังสวน,Langsuan hospital,ชุมพร,หลังสวน,วังตะกอ,ภาครัฐ,เขต 11,ต่างจังหวัด,เปิดตรวจแล้ว
ห้องปฏิบัติการนาบอนสหคลินิก บริษัท นาบอนอินเตอร์เมดิคอล จำกัด,Nabon Inter Medical Company Limited,ภูเก็ต,เมืองภูเก็ต,วิชิต,เอกชน,เขต 11,ต่างจังหวัด,เปิดตรวจแล้ว
บริษัท เนชั่นแนล เฮลท์แคร์ ซิสเท็มส์ จำกัด สาขาโรงพยาบาลวัฒนแพทย์ อ่าวนาง,"National Healthcare Systems Co.,Ltd, Wattanapat Hospital Ao Nang",กระบี่,เมืองกระบี่,อ่าวนาง,เอกชน,เขต 11,ต่างจังหวัด,เปิดตรวจแล้ว
โรงพยาบาลกระบุรี,Kraburi Hospital,ระนอง,กระบุรี,น้ำจืด,ภาครัฐ,เขต 11,ต่างจังหวัด,เปิดตรวจแล้ว
โรงพยาบาลปากพนัง,Pakphanang Hospital,นครศรีธรรมราช,ปากพนัง,ปากพนังฝั่งตะวันออก,ภาครัฐ,เขต 11,ต่างจังหวัด,เปิดตรวจแล้ว
โรงพยาบาลท่าโรงช้าง,Tharongchang Hospital,สุราษฎร์ธานี,พุนพิน,ท่าโรงช้าง,ภาครัฐ,เขต 11,ต่างจังหวัด,เปิดตรวจแล้ว
โรงพยาบาลธนบุรี-ชุมพร,Thonburi-Chumphon Hospital,ชุมพร,เมืองชุมพร,วังไผ่,เอกชน,เขต 11,ต่างจังหวัด,เปิดตรวจแล้ว
ศูนย์การแพทย์มหาวิทยาลัยวลัยลักษณ์,Walailak University Hospital,นครศรีธรรมราช,ท่าศาลา,ไทยบุรี,ภาครัฐ,เขต 11,ต่างจังหวัด,เปิดตรวจแล้ว
กระบี่ อินเตอร์ แล็บ คลินิกเทคนิคการแพทย์,"Krabi Inter Lab, Medical Technic Clinic",กระบี่,เมืองกระบี่,กระบี่ใหญ่,เอกชน,เขต 11,ต่างจังหวัด,เปิดตรวจแล้ว
โรงพยาบาลสมเด็จพระยุพราชเวียงสระ,Crown Prince Wiang Sa Hospital,สุราษฎร์ธานี,เวีึยงสระ,บ้านส้อง,ภาครัฐ,เขต 11,ต่างจังหวัด,เปิดตรวจแล้ว
เนชั่นแนล เฮลท์แคร์ ซิสเท็มส์ คลินิกเทคนิคการแพทย์ สาขาสมุย,"National Healthcare Systems, Medical Technic Clinic Samui Branch",สุราษฎร์ธานี,เกาะสมุย,บ่อผุด,เอกชน,เขต 11,ต่างจังหวัด,เปิดตรวจแล้ว
โรงพยาบาลเกาะพะงัน,Koh Phangan Hospital,สุราษฎร์ธานี,เกาะพะงัน,เกาะพะงัน,ภาครัฐ,เขต 11,ต่างจังหวัด,เปิดตรวจแล้ว
คลินิกเทคนิคการแพทย์ ศรีธรรมราชคลินิกแล็บ,"Si Thammarat Clinic Lab, Medical Technic Clinic",นครศรีธรรมราช,เมืองนครศรีธรรมราช,คลัง,เอกชน,เขต 11,ต่างจังหวัด,เปิดตรวจแล้ว
โรงพยาบาลนครพัฒน์,Nakhon Patana Hospital,นครศรีธรรมราช,เมืองนครศรีธรรมราช,ในเมือง,เอกชน,เขต 11,ต่างจังหวัด,เปิดตรวจแล้ว
บริษัท เนชั่นแนล เฮลท์แคร์ ซิสเท็มส์ จำกัด สาขาโรงพยาบาลดีบุก,"National Healthcare Systems Co.,Ltd, Dibuk Hospital",ภูเก็ต,เมืองนครศรีธรรมราช,ในเมือง,เอกชน,เขต 11,ต่างจังหวัด,เปิดตรวจแล้ว
โรงพยาบาลองค์การบริหารส่วนจังหวัดภูเก็ต,Phuket Provincial Administrative Organization Hospital,ภูเก็ต,เมืองภูเก็ต,ตลาดใหญ่,ภาครัฐ,เขต 11,ต่างจังหวัด,เปิดตรวจแล้ว
คลินิกเทคนิคการแพทย์แอทยีนส์ เซาท์ซี,,ภูเก็ต,เมืองภูเก็ต,ตลาดใหญ่,เอกชน,เขต 11,ต่างจังหวัด,เปิดตรวจแล้ว
ไสน้ำเย็น อินเตอร์เนชั่นแนล คลินิกเวชกรรม,Sainamyen International Clinic,ภูเก็ต,กะทู้,ป่าตอง,เอกชน,เขต 11,ต่างจังหวัด,เปิดตรวจแล้ว
เอ อัมเบรลล่า แลบบอราทอรี,A UMBRELLA LABORATORY,ภูเก็ต,เมืองภูเก็ต,ฉลอง,เอกชน,เขต 11,ต่างจังหวัด,เปิดตรวจแล้ว
คลินิกเทคนิคการแพทย์อันดาแลบ,Andalab Medical Technic Clinic,ภูเก็ต,เมืองภูเก็ต,ตลาดใหญ่,เอกชน,เขต 11,ต่างจังหวัด,เปิดตรวจแล้ว
ป่าตองซิตี้ คลินิกเทคนิคการแพทย์,Patong city medical laboratory,ภูเก็ต,กะทู้,ป่าตอง,เอกชน,เขต 11,ต่างจังหวัด,เปิดตรวจแล้ว
สารสินแล็บ คลินิกเทคนิคการแพทย์ (สาขาท่าเรือ ),"Sarasin Medical Laboratory, Medical Technic Clinic",ภูเก็ต,กลาง,ศรีสุนทร,เอกชน,เขต 11,ต่างจังหวัด,เปิดตรวจแล้ว
โรงพยาบาลค่ายวชิราวุธ,Wachirawut Camp Hospital,นครศรีธรรมราช,เมืองนครศรีธรรมราช,ปากพูน,ภาครัฐ,เขต 11,ต่างจังหวัด,เปิดตรวจแล้ว
ศูนย์วิทยาศาสตร์การแพทย์ที่ 12 สงขลา,Regional Medical Sciences Center 12 Songkla,สงขลา,เมืองสงขลา,พะวง,ภาครัฐ,เขต 12,ต่างจังหวัด,เปิดตรวจแล้ว
ศูนย์วิทยาศาสตร์การแพทย์ที่ 12/1 ตรัง,Regional Medical Sciences Center 12/1 Trang,ตรัง,เมืองตรัง,บ้านควน,ภาครัฐ,เขต 12,ต่างจังหวัด,เปิดตรวจแล้ว
สำนักงานป้องกันควบคุมโรคที่ 12 จังหวัดสงขลา,The Office of Disease Prevention and Control 12 Songkla,สงขลา,เมืองสงขลา,บ่อยาง,ภาครัฐ,เขต 12,ต่างจังหวัด,เปิดตรวจแล้ว
คณะแพทยศาสตร์ มหาวิทยาลัยสงขลานครินทร์,"Faculty of Medicine, Songkla University",สงขลา,หาดใหญ่,หาดใหญ่,ภาครัฐ,เขต 12,ต่างจังหวัด,เปิดตรวจแล้ว
โรงพยาบาลยะลา,Yala Hospital,ยะลา,เมืองยะลา,สะเตง,ภาครัฐ,เขต 12,ต่างจังหวัด,เปิดตรวจแล้ว
โรงพยาบาลสิโรรส ยะลา,Siroros Hospital Yala,ยะลา,เมืองยะลา,สะเตง,เอกชน,เขต 12,ต่างจังหวัด,เปิดตรวจแล้ว
โรงพยาบาลหาดใหญ่,Hatyai Hospital,สงขลา,หาดใหญ่,หาดใหญ่,ภาครัฐ,เขต 12,ต่างจังหวัด,เปิดตรวจแล้ว
เนชั่นแนล เฮลท์แคร์ ซิสเท็มส์ คลินิกเทคนิคการแพทย์ สาขาหาดใหญ่,"National Healthcare Systems Co., Ltd., Medical Technic Clinic, HatYai Branch",สงขลา,หาดใหญ่,หาดใหญ่,เอกชน,เขต 12,ต่างจังหวัด,เปิดตรวจแล้ว
โรงพยาบาลนราธิวาสราชนครินทร์,Narathiwat Ratchanakharin Hospital,นราธิวาส,เมืองนราธิวาส,บางนาค,ภาครัฐ,เขต 12,ต่างจังหวัด,เปิดตรวจแล้ว
โรงพยาบาลปัตตานี,Pattani Hospital,ปัตตานี,เมืองปัตตานี,สะบารัง,ภาครัฐ,เขต 12,ต่างจังหวัด,เปิดตรวจแล้ว
โรงพยาบาลตรัง,Trang Hospital,ตรัง,เมืองตรัง,ทับเที่ยง,ภาครัฐ,เขต 12,ต่างจังหวัด,เปิดตรวจแล้ว
โรงพยาบาลสตูล,Satun Hospital,สตูล,เมืองสตูล,พิมาน,ภาครัฐ,เขต 12,ต่างจังหวัด,เปิดตรวจแล้ว
โรงพยาบาลพัทลุง,Phatthalung Hospital,พัทลุง,เมืองพัทลุง,คูหาสวรรค์,ภาครัฐ,เขต 12,ต่างจังหวัด,เปิดตรวจแล้ว
หน่วยกามโรคและโรคเอดส์ที่ 12.1 อำเภอหาดใหญ่,"Venereal Diseases and Aids unit 12.1, Amphoe Hatyai",สงขลา,หาดใหญ่,หาดใหญ่,ภาครัฐ,เขต 12,ต่างจังหวัด,เปิดตรวจแล้ว
โรงพยาบาลเบตง,Betong Hospital,ยะลา,เบตง,เบตง,ภาครัฐ,เขต 12,ต่างจังหวัด,เปิดตรวจแล้ว
โรงพยาบาลสมเด็จพระบรมราชินีนาถ ณ อำเภอนาทวี ,Somdejpraboromrachineenart Natawee Hospital,สงขลา,นาทวี,นาทวี,ภาครัฐ,เขต 12,ต่างจังหวัด,เปิดตรวจแล้ว
โรงพยาบาลสงขลา,Songkhla Hospital,สงขลา,เมืองสงขลา,พะวง,ภาครัฐ,เขต 12,ต่างจังหวัด,เปิดตรวจแล้ว
พีอาร์ คลินิกเทคนิคการแพทย์ (จ.สงขลา),PR Meddical Technic Clinic (Songkhla),สงขลา,เมืองสงขลา,บ่อยาง,เอกชน,เขต 12,ต่างจังหวัด,เปิดตรวจแล้ว
โรงพยาบาลศิครินทร์ หาดใหญ่,Sikarin Hatyai Hospital,สงขลา,หาดใหญ่,หาดใหญ่,เอกชน,เขต 12,ต่างจังหวัด,เปิดตรวจแล้ว
ศูนย์บริการเทคนิคการแพทย์ คณะเทคนิคการแพทย์ มหาวิทยาลัยสงขลานครินทร์ วิทยาเขตหาดใหญ่,Medical Technology Service Center,สงขลา,หาดใหญ่,คอหงส์,ภาครัฐ,เขต 12,ต่างจังหวัด,เปิดตรวจแล้ว
บริษัทเนชั่นแนลเฮลท์แคร์ซิสเท็มส์ สาขาโรงพยาบาลทีอาร์พีเอช,"National Healthcare Systems Co., Ltd., Medical Technic Clinic, TRPH Hospital Branch",ตรัง,เมืองตรัง,ทับเที่ยง,เอกชน,เขต 12,ต่างจังหวัด,เปิดตรวจแล้ว
โรงพยาบาลรามัน,Raman Hospital,ยะลา,รามัน,กายูบอเกาะ,ภาครัฐ,เขต 12,ต่างจังหวัด,เปิดตรวจแล้ว
โรงพยาบาลตากใบ,Takbai Hospital,นราธิวาส,ตากใบ,เจ๊ะเห,ภาครัฐ,เขต 12,ต่างจังหวัด,เปิดตรวจแล้ว
โรงพยาบาลสุไหงโก-ลก,Sungaikolok Hospital,นราธิวาส,สุไหงโก-ลก,สุไหงโก-ลก,ภาครัฐ,เขต 12,ต่างจังหวัด,เปิดตรวจแล้ว
โรงพยาบาลระแงะ,Rangae Hospital,นราธิวาส,ระแงะ ,ตันหยงมัส,ภาครัฐ,เขต 12,ต่างจังหวัด,เปิดตรวจแล้ว
โรงพยาบาลราษฎร์ยินดี,Rajyindee Hospital,สงขลา,หาดใหญ่,หาดใหญ่,เอกชน,เขต 12,ต่างจังหวัด,เปิดตรวจแล้ว
โรงพยาบาลสมเด็จพระยุพราชสายบุรี,Saiburi Crown Prince Hospital,ปัตตานี,สายบุรี,ตะลุบัน,ภาครัฐ,เขต 12,ต่างจังหวัด,เปิดตรวจแล้ว
โรงพยาบาลสมเด็จพระยุพราชยะหา,Crown Prince Yaha  Hospital,ยะลา,ยะหา,ยะหา,ภาครัฐ,เขต 12,ต่างจังหวัด,เปิดตรวจแล้ว
โรงพยาบาลยะรัง,Yarang Hospital,ปัตตานี,ยะรัง,ปิตูมุดี,ภาครัฐ,เขต 12,ต่างจังหวัด,เปิดตรวจแล้ว
โรงพยาบาลควนขนุน,Khuankhanun Hospital,พัทลุง,ควนขนุน,ควนขนุน,ภาครัฐ,เขต 12,ต่างจังหวัด,เปิดตรวจแล้ว
โรงพยาบาลโคกโพธิ์,Khokphohos Hospital,ปัตตานี,โคกโพธิ์,มะกรูด,ภาครัฐ,เขต 12,ต่างจังหวัด,เปิดตรวจแล้ว
คลินิกเทคนิคการแพทย์ เอวา แล็บบอราทอรี่,"AVA Laboratory, Medical Technic Clinic",ตรัง,เมืองตรัง,ทับเที่ยง ,เอกชน,เขต 12,ต่างจังหวัด,เปิดตรวจแล้ว
กรมวิทยาศาสตร์การแพทย์ สถาบันวิจัยวิทยาศาสตร์สาธารณสุข (แล็บอ้างอิง),"Department of Medical Sciences, National Institute of Health of Thailand (Reference Laboratory)",นนทบุรี,เมืองนนทบุรี,ตลาดขวัญ,ภาครัฐ,แล็บอ้างอิง,กรุงเทพและปริมณฑล,เปิดตรวจแล้ว
กรมวิทยาศาสตร์การแพทย์ สถาบันชีววิทยาศาสตร์ทางการแพทย์ (แล็บอ้างอิง),"Department of Medical Sciences, Medical Life Sciences Institute (Reference Laboratory)",นนทบุรี,เมืองนนทบุรี,ตลาดขวัญ,ภาครัฐ,แล็บอ้างอิง,กรุงเทพและปริมณฑล,เปิดตรวจแล้ว
ศูนย์วิทยาศาสตร์สุขภาพโรคติดต่ออุบัติใหม่ สภากาชาดไทย (แล็บอ้างอิง),"Thai Red Cross, Emerging Infectious Diseases, Health Science Center (TRC-EID) (Reference Laboratory)",กรุงเทพมหานคร,ปทุมวัน,ปทุมวัน,ภาครัฐ,แล็บอ้างอิง,กรุงเทพและปริมณฑล,เปิดตรวจแล้ว
ภาควิชาจุลชีววิทยา คณะแพทยศาสตร์ศิริราชพยาบาล,"Department of Microbiology, Faculty of Medicine, Siriraj Hospital",กรุงเทพมหานคร,บางกอกน้อย,ศิริราช,ภาครัฐ,เขต 13,กรุงเทพและปริมณฑล,เปิดตรวจแล้ว
คณะแพทยศาสตร์ โรงพยาบาลรามาธิบดี,"Faculty of Medicine, Ramathibodi Hospital",กรุงเทพมหานคร,ราชเทวี,ทุ่งพญาไท,ภาครัฐ,เขต 13,กรุงเทพและปริมณฑล,เปิดตรวจแล้ว
คณะแพทยศาสตร์จุฬาลงกรณ์มหาวิทยาลัย,"Faculty of Medicine, Chulalongkorn University",กรุงเทพมหานคร,ปทุมวัน,ปทุมวัน,ภาครัฐ,เขต 13,กรุงเทพและปริมณฑล,เปิดตรวจแล้ว
คณะสหเวชศาสตร์ จุฬาลงกรณ์มหาวิทยาลัย,"Faculty of Allied Health Sciences, Chulalongkorn University",กรุงเทพมหานคร,ปทุมวัน,ปทุมวัน,ภาครัฐ,เขต 13,กรุงเทพและปริมณฑล,เปิดตรวจแล้ว
งานอณูชีววิทยา โรงพยาบาลราชวิถี,"Molecular Biology, Rajavithi Hospital",กรุงเทพมหานคร,ราชเทวี,ทุ่งพญาไท,ภาครัฐ,เขต 13,กรุงเทพและปริมณฑล,เปิดตรวจแล้ว
สถาบันบำราศนราดูร,Bamrasnaradura Infectious Diseases Institute,นนทบุรี,เมืองนนทบุรี,ตลาดขวัญ,ภาครัฐ,เขต 4,กรุงเทพและปริมณฑล,เปิดตรวจแล้ว
คณะเวชศาสตร์เขตร้อน มหาวิทยาลัยมหิดล,"Faculty of Tropical Medicine, Mahidol University",กรุงเทพมหานคร,ราชเทวี,ทุ่งพญาไท,ภาครัฐ,เขต 13,กรุงเทพและปริมณฑล,เปิดตรวจแล้ว
สถาบันวิจัยวิทยาศาสตร์การแพทย์ทหาร (ฝ่ายไทย),Armed Forces Research Institute of Medical Sciences (Thai),กรุงเทพมหานคร,ราชเทวี,ทุ่งพญาไท,ภาครัฐ,เขต 13,กรุงเทพและปริมณฑล,เปิดตรวจแล้ว
สถาบันวิจัยวิทยาศาสตร์การแพทย์ทหาร (ฝ่ายสหรัฐอเมริกา) แผนกเรโทรไวโรโลยี,"Armed Forces Research Institute of Medical Sciences (USA), Department of Retrovirology",กรุงเทพมหานคร,ราชเทวี,ทุ่งพญาไท,ภาครัฐ,เขต 13,กรุงเทพและปริมณฑล,เปิดตรวจแล้ว
คณะแพทยศาสตร์ วชิรพยาบาล,"Faculty of Medicine, Vajira Hospital",กรุงเทพมหานคร,ดุสิต,วชิรพยาบาล,ภาครัฐ,เขต 13,กรุงเทพและปริมณฑล,เปิดตรวจแล้ว
คณะเทคนิคการแพทย์ มหาวิทยาลัยมหิดล,"Faculty of Medical Technology, Mahidol University",นครปฐม,พุทธมณฑล,ศาลายา,ภาครัฐ,เขต 5,กรุงเทพและปริมณฑล,เปิดตรวจแล้ว
สถาบันป้องกันควบคุมโรคเขตเมือง,Institute for Urban Disease Control and Prevention,กรุงเทพมหานคร,บางเขน,อนุสาวรีย์,ภาครัฐ,เขต 13,กรุงเทพและปริมณฑล,เปิดตรวจแล้ว
โรงพยาบาลภูมิพลอดุลยเดช,Bhumibol Adulyadej Hospital,กรุงเทพมหานคร,สายไหม,คลองถนน,ภาครัฐ,เขต 13,กรุงเทพและปริมณฑล,เปิดตรวจแล้ว
โรงพยาบาลพระมงกุฎเกล้า,Pramongkutklao Hospital,กรุงเทพมหานคร,ราชเทวี,ทุ่งพญาไท,ภาครัฐ,เขต 13,กรุงเทพและปริมณฑล,เปิดตรวจแล้ว
สถาบันสุขภาพเด็กแห่งชาติมหาราชินี,Queen Sirikit National Institute of Child Health Digital Repository,กรุงเทพมหานคร,ราชเทวี,ทุ่งพญาไท,ภาครัฐ,เขต 13,กรุงเทพและปริมณฑล,เปิดตรวจแล้ว
โรงพยาบาลบำรุงราษฎร์,Bumrungrad International Hospital,กรุงเทพมหานคร,วัฒนา,คลองเตยเหนือ,เอกชน,เขต 13,กรุงเทพและปริมณฑล,เปิดตรวจแล้ว
บริษัท ไบโอ โมเลกุลาร์ แลบอราทอรีส์ (ในนามกลุ่มโรงพยาบาลกรุงเทพ สมิติเวช บีเอ็นเอช พญาไท และเปาโล เมโมเรียล),"Bio-Molecular Laboratory (for the groups of –Bangkok Hospital, Samitivej Hospital, BNH Hospital, Prayathai Hospital, and Paolo Hospital)",กรุงเทพมหานคร,ห้วยขวาง,บางกะปิ,เอกชน,เขต 13,กรุงเทพและปริมณฑล,เปิดตรวจแล้ว
คลินิกเทคนิคการแพทย์ รามคำแหง,"Medical Technic Clinic, Ramkamhang",กรุงเทพมหานคร,บางกะปิ,หัวหมาก,เอกชน,เขต 13,กรุงเทพและปริมณฑล,เปิดตรวจแล้ว
หวนจียีนเทคโนโลยี คลินิกเทคนิคการแพทย์,"HUANJI GENE TECHNOLOGY, Thailand",กรุงเทพมหานคร,ห้วยขวาง,ห้วยขวาง,เอกชน,เขต 13,กรุงเทพและปริมณฑล,เปิดตรวจแล้ว
บริษัท โปรเฟสชั่นแนล ลาโบราทอรี่ แมเนจเมนท์ จำกัด,"Professional Laboratory Management Corp Co., Ltd",กรุงเทพมหานคร,บางกะปิ,คลองจั่น,เอกชน,เขต 13,กรุงเทพและปริมณฑล,เปิดตรวจแล้ว
โรงพยาบาลบางปะกอก 9 อินเตอร์เนชั่นแนล,Bangpakok 9 International Hospital,กรุงเทพมหานคร,จอมทอง,บางมด,เอกชน,เขต 13,กรุงเทพและปริมณฑล,เปิดตรวจแล้ว
โรงพยาบาลเวชธานี,Vejthani Hospital,กรุงเทพมหานคร,บางกะปิ,คลองจั่น,เอกชน,เขต 13,กรุงเทพและปริมณฑล,เปิดตรวจแล้ว
บริษัท พีซีที ลาบอราทอรี่ส์ เซอร์วิส จำกัด,"PCT Laboratory Service Co., Ltd.",กรุงเทพมหานคร,บางพลัด,บางพลัด,เอกชน,เขต 13,กรุงเทพและปริมณฑล,เปิดตรวจแล้ว
โรงพยาบาลพระรามเก้า,Praram 9 Hospital,กรุงเทพมหานคร,ห้วยขวาง,บางกะปิ,เอกชน,เขต 13,กรุงเทพและปริมณฑล,เปิดตรวจแล้ว
โรงพยาบาลนครธน,Nakornthon Hospital,กรุงเทพมหานคร,บางขุนเทียน,แสมดำ,เอกชน,เขต 13,กรุงเทพและปริมณฑล,เปิดตรวจแล้ว
บริษัท ศูนย์ห้องปฏิบัติการและวิจัยทางการแพทย์แห่งเอเชีย จำกัด (โรงพยาบาลลาดพร้าว),Asia Medical Laboratory and Research Center Company Limited (Ladprao General Hospital),กรุงเทพมหานคร,วังทองหลาง,คลองเจ้าคุณสิงห์,เอกชน,เขต 13,กรุงเทพและปริมณฑล,เปิดตรวจแล้ว
โรงพยาบาลเปาโลเกษตร,Paolo Hospital Kaset,กรุงเทพมหานคร,จตุจักร,เสนานิคม,เอกชน,เขต 13,กรุงเทพและปริมณฑล,เปิดตรวจแล้ว
โรงพยาบาลสินแพทย์,Synphaet Hospital,กรุงเทพมหานคร,คันนายาว,คันนายาว,เอกชน,เขต 13,กรุงเทพและปริมณฑล,เปิดตรวจแล้ว
โรงพยาบาลเปาโลพหลโยธิน,Paolo Hospital Phaholyothin,กรุงเทพมหานคร,พญาไท,สามเสนใน,เอกชน,เขต 13,กรุงเทพและปริมณฑล,เปิดตรวจแล้ว
โรงพยาบาลมงกุฎวัฒนะ,Mongkut Wattana General Hospital,กรุงเทพมหานคร,หลักสี่,ทุ่งสองห้อง,เอกชน,เขต 13,กรุงเทพและปริมณฑล,เปิดตรวจแล้ว
คลินิกเทคนิคการแพทย์แบงคอกจีโนมิกส์,"Bangkok Genomics Medical Technology clinic (Bangkok Genomics Innovation Co., Ltd.)",กรุงเทพมหานคร,คลองเตย,พระโขนง,เอกชน,เขต 13,กรุงเทพและปริมณฑล,เปิดตรวจแล้ว
บริษัท แอท-ยีนส์ จำกัด,AT-GENES COMPANY LIMITED,กรุงเทพมหานคร,ตลิ่งชัน,ฉิมพลี,เอกชน,เขต 13,กรุงเทพและปริมณฑล,เปิดตรวจแล้ว
ห้องปฏิบัติการหน่วยคุ้มครองสุขภาพโลก ศูนย์ความร่วมมือไทย-สหรัฐด้านสาธารณสุข,"Global Disease Detection Laboratories, Thailand MOPH - U.S. CDC Collaboration",นนทบุรี,เมืองนนทบุรี,ตลาดขวัญ,ภาครัฐ,เขต 4,กรุงเทพและปริมณฑล,เปิดตรวจแล้ว
โรงพยาบาลสมเด็จพระปิ่นเกล้า,Somdejprapinklao Hospital,กรุงเทพมหานคร,ธนบุรี,บุคคโล,ภาครัฐ,เขต 13,กรุงเทพและปริมณฑล,เปิดตรวจแล้ว
สถาบันนิติวิทยาศาสตร์,Central Institute of Forensic Science Thailand,กรุงเทพมหานคร,บางซื่อ,บางซื่อ,ภาครัฐ,เขต 13,กรุงเทพและปริมณฑล,เปิดตรวจแล้ว
โรงพยาบาลตำรวจ,Police General Hospital,กรุงเทพมหานคร,ปทุมวัน,วังใหม่,ภาครัฐ,เขต 13,กรุงเทพและปริมณฑล,เปิดตรวจแล้ว
โรงพยาบาลนพรัตนราชธานี,Nopparat Rajathanee Hospital,กรุงเทพมหานคร,คันนายาว,คันนายาว,ภาครัฐ,เขต 13,กรุงเทพและปริมณฑล,เปิดตรวจแล้ว
โรงพยาบาลสุขุมวิท,Sukumvit Hospital,กรุงเทพมหานคร,วัฒนา,พระโขนงเหนือ,เอกชน,เขต 13,กรุงเทพและปริมณฑล,เปิดตรวจแล้ว
คลินิคเทคนิคการแพทย์ โปรแล็บ วิภาวดี,Medical Technic Clinic PROLAB Vibhavadi,กรุงเทพมหานคร,หลักสี่,ทุ่งสองห้อง,เอกชน,เขต 13,กรุงเทพและปริมณฑล,เปิดตรวจแล้ว
โรงพยาบาลเกษมราษฎร์ รามคำแหง,Kasemrad Hospital Ramkhamhaeng,กรุงเทพมหานคร,สะพานสูง,สะพานสูง,เอกชน,เขต 13,กรุงเทพและปริมณฑล,เปิดตรวจแล้ว
โรงพยาบาลเสรีรักษ์,Seriruk Hospital,กรุงเทพมหานคร,มีนบุรี,มีนบุรี,เอกชน,เขต 13,กรุงเทพและปริมณฑล,เปิดตรวจแล้ว
โรงพยาบาลเจ้าพระยา,Chaophya Hospital,กรุงเทพมหานคร,บางกอกน้อย,อรุณอมรินทร์,เอกชน,เขต 13,กรุงเทพและปริมณฑล,เปิดตรวจแล้ว
โรงพยาบาลเกษมราษฎร์ ประชาชื่น,Kasemrad Hospital Prachachuen,กรุงเทพมหานคร,บางซื่อ,วงศ์สว่าง,เอกชน,เขต 13,กรุงเทพและปริมณฑล,เปิดตรวจแล้ว
โรงพยาบาลวิภาวดี,Vibhavadi Hospital,กรุงเทพมหานคร,จตุจักร,ลาดยาว,เอกชน,เขต 13,กรุงเทพและปริมณฑล,เปิดตรวจแล้ว
โรงพยาบาลรามคำแหง,Ramkhamhaeng Hospital,กรุงเทพมหานคร,บางกะปิ,หัวหมาก,เอกชน,เขต 13,กรุงเทพและปริมณฑล,เปิดตรวจแล้ว
โรงพยาบาลเกษมราษฎร์ บางแค,Kasemrad Hospital Bangkae,กรุงเทพมหานคร,บางแค,บางแคเหนือ,เอกชน,เขต 13,กรุงเทพและปริมณฑล,เปิดตรวจแล้ว
บริษัท ศูนย์แลบธนบุรี จำกัด,"Thonburi Lab Center Co., Ltd.",กรุงเทพมหานคร,บางขุนเทียน,แสมดำ,เอกชน,เขต 13,กรุงเทพและปริมณฑล,เปิดตรวจแล้ว
บริษัทเอ็มบริโอ แพลนแนท จำกัด (สยามเฟอร์ทิลิตี้ คลินิก),"Embryo Planet Co., Ltd. (Siam Fertility Clinic)",กรุงเทพมหานคร,ราชเทวี,ทุ่งพญาไท,เอกชน,เขต 13,กรุงเทพและปริมณฑล,เปิดตรวจแล้ว
โรงพยาบาลซีจีเอช โรงพยาบาลทั่วไปขนาดใหญ่,Central General Hospital,กรุงเทพมหานคร,บางเขน,อนุสาวรีย์,เอกชน,เขต 13,กรุงเทพและปริมณฑล,เปิดตรวจแล้ว
บริษัท เมดิคอลไลน์แล็บ จำกัด,"Medical Line Lab Co., Ltd.",กรุงเทพมหานคร,บางกะปิ,คลองจั่น,เอกชน,เขต 13,กรุงเทพและปริมณฑล,เปิดตรวจแล้ว
บริษัท กรุงเทพ อาร์ไอเอ แล็บ จำกัด,"Bangkok RIA Laboratory Co., LTD.",กรุงเทพมหานคร,วังทองหลาง,พลับพลา,เอกชน,เขต 13,กรุงเทพและปริมณฑล,เปิดตรวจแล้ว
โรงพยาบาลตากสิน,Taksin Hospital,กรุงเทพมหานคร,คลองสาน,คลองสาน,ภาครัฐ,เขต 13,กรุงเทพและปริมณฑล,เปิดตรวจแล้ว
โรงพยาบาลเจริญกรุงประชารักษ์,Charoenkrung Pracharak Hospital,กรุงเทพมหานคร,บางคอแหลม,บางคอแหลม,ภาครัฐ,เขต 13,กรุงเทพและปริมณฑล,เปิดตรวจแล้ว
ห้องปฏิบัติการกลางและธนาคารเลือด โรงพยาบาลจุฬาภรณ์,CENTRAL LABORATORY CHULABHORN HOSPITAL,กรุงเทพมหานคร,หลักสี่,ตลาดบางเขน,ภาครัฐ,เขต 13,กรุงเทพและปริมณฑล,เปิดตรวจแล้ว
โรงพยาบาลกรุงเทพคริสเตียน,The Bangkok Christian Hospital,กรุงเทพมหานคร,บางรัก,สุริยวงศ์,เอกชน,เขต 13,กรุงเทพและปริมณฑล,เปิดตรวจแล้ว
กลุ่มปฏิบัติการอ้างอิงชันสูตรวัณโรคแห่งชาติ กองวัณโรค กรมควบคุมโรค,"The National TB Reference Laboratory (NTRL) and Supranational Reference Laboratory of Tuberculosis (SNRL), Bureau of Tuberculosis, Department of Diseases Control",กรุงเทพมหานคร,บางคอแหลม,บางโคล่,ภาครัฐ,เขต 13,กรุงเทพและปริมณฑล,เปิดตรวจแล้ว
โรงพยาบาลสหวิทยาการมะลิ,Mali Interdisciplinary Hospital,กรุงเทพมหานคร,บางบอน,คลองบางบอน,เอกชน,เขต 13,กรุงเทพและปริมณฑล,เปิดตรวจแล้ว
โรงพยาบาลศิครินทร์,Sikarin Hospital,กรุงเทพมหานคร,บางนา,บางนาใต้,เอกชน,เขต 13,กรุงเทพและปริมณฑล,เปิดตรวจแล้ว
โรงพยาบาลกลาง,BMA General hospital (Klang hospital),กรุงเทพมหานคร,ป้อมปราบศัตรูพ่าย,ป้อมปราบ,ภาครัฐ,เขต 13,กรุงเทพและปริมณฑล,เปิดตรวจแล้ว
"องค์การระหว่างประเทศเพื่อการโยกย้ายถิ่นฐาน สาขากรุงเทพมหานคร (International Organization for Migration, IOM)","International Organization for Migration, IOM, Bangkok Office",กรุงเทพมหานคร,บางรัก,สุริยวงศ์,เอกชน,เขต 13,กรุงเทพและปริมณฑล,เปิดตรวจแล้ว
โรงพยาบาลวิภาราม,Vibharam Hospital,กรุงเทพมหานคร,สวนหลวง,พัฒนาการ,เอกชน,เขต 13,กรุงเทพและปริมณฑล,เปิดตรวจแล้ว
โรงพยาบาลเมดพาร์ค,MedPark Hospital,กรุงเทพมหานคร,คลองเตย,คลองเตย,เอกชน,เขต 13,กรุงเทพและปริมณฑล,เปิดตรวจแล้ว
MIC Lab (บริษัทเมดิคอล อินโนเวชัน เซ็นเตอร์ จำกัด),"MIC Lab (Medical Innovations Centre Co., Ltd.)",กรุงเทพมหานคร,ห้วยขวาง,สามเสนนอก,เอกชน,เขต 13,กรุงเทพและปริมณฑล,เปิดตรวจแล้ว
โรงพยาบาลปิยะเวท,Piyavate Hospital,กรุงเทพมหานคร,ห้วยขวาง,บางกะปิ,เอกชน,เขต 13,กรุงเทพและปริมณฑล,เปิดตรวจแล้ว
โรงพยาบาลพญาไท นวมินทร์,Phayathai Nawamin Hospital,กรุงเทพมหานคร,บึงกุ่ม,นวลจันทร์,เอกชน,เขต 13,กรุงเทพและปริมณฑล,เปิดตรวจแล้ว
บริษัทเนชั่นแนล เฮลท์แคร์ซิสเท็มส์ จำกัด สาขาโรงพยาบาลพญาไท 2,"National Healthcare Systems Co.,Ltd, Phayathai 2 Hospital",กรุงเทพมหานคร,พญาไท,สามเสนใน,เอกชน,เขต 13,กรุงเทพและปริมณฑล,เปิดตรวจแล้ว
โรงพยาบาลไทยนครินทร์,Thainakarin Hospital,กรุงเทพมหานคร,บางนา,บางนาเหนือ,เอกชน,เขต 13,กรุงเทพและปริมณฑล,เปิดตรวจแล้ว
บริษัทเนชั่นแนล เฮลท์แคร์ซิสเท็มส์ จำกัด สาขาโรงพยาบาลเปาโล โชคชัย 4,"National Healthcare Systems Co.,Ltd, Paolo Chokchai 4 Hospital",กรุงเทพมหานคร,ลาดพร้าว,ลาดพร้าว,เอกชน,เขต 13,กรุงเทพและปริมณฑล,เปิดตรวจแล้ว
โรงพยาบาลนวมินทร์ 9,Navamin 9 Hospital,กรุงเทพมหานคร,มีนบุรี,มีนบุรี,เอกชน,เขต 13,กรุงเทพและปริมณฑล,เปิดตรวจแล้ว
ทัณฑสถานโรงพยาบาลราชทัณฑ์,Medical Correctional Institution,กรุงเทพมหานคร,จตุจักร,ลาดยาว,ภาครัฐ,เขต 13,กรุงเทพและปริมณฑล,เปิดตรวจแล้ว
ภาควิชาภูมิคุ้มกัน คณะแพทยศาสตร์ ศิริราชพยาบาล,"Department of Immunology , Faculty of Medicine, Siriraj Hospital",กรุงเทพมหานคร,บางกอกน้อย,ศิริราช,ภาครัฐ,เขต 13,กรุงเทพและปริมณฑล,เปิดตรวจแล้ว
โรงพยาบาลหัวเฉียว,Hua Chiew Hospital,กรุงเทพมหานคร,ป้อมปราบศัตรูพ่าย,คลองมหานาค,เอกชน,เขต 13,กรุงเทพและปริมณฑล,เปิดตรวจแล้ว
บริษัท เอซีซี เมดิคอล แล็บ จำกัด,"ACC MEDICAL LAB CO., LTD. ",กรุงเทพมหานคร,ลาดพร้าว,จรเข้บัว,เอกชน,เขต 13,กรุงเทพและปริมณฑล,เปิดตรวจแล้ว
โรงพยาบาลวิชัยเวช อินเตอร์เนชั่นแนล หนองแขม,Vichaivej International Hospita Nong Khaem,กรุงเทพมหานคร,หนองแขม,หนองค้างพลู,เอกชน,เขต 13,กรุงเทพและปริมณฑล,เปิดตรวจแล้ว
โรงพยาบาลธนบุรี,Thonburi Hospital,กรุงเทพมหานคร,บางกอกน้อย,บ้านช่างหล่อ,เอกชน,เขต 13,กรุงเทพและปริมณฑล,เปิดตรวจแล้ว
โรงพยาบาลธนบุรี บำรุงเมือง,Thonburi Bamrungmuang Hospital,กรุงเทพมหานคร,ป้อมปราบศัตรูพ่าย,คลองมหานาค,เอกชน,เขต 13,กรุงเทพและปริมณฑล,เปิดตรวจแล้ว
บริษัท จีโนมโมเลกุล แลบบอราตอรี่ จำกัด,"Genome-molecule LaboratoryCo.,Ltd",กรุงเทพมหานคร,ลาดพร้าว,ลาดพร้าว,เอกชน,เขต 13,กรุงเทพและปริมณฑล,เปิดตรวจแล้ว
สถาบันประสาทวิทยา,Prasat Neurological Institute,กรุงเทพมหานคร,ราชเทวี,ทุ่งพญาไท,ภาครัฐ,เขต 13,กรุงเทพและปริมณฑล,เปิดตรวจแล้ว
โรงพยาบาลสิรินธร ,Sirindhorn Hospital,กรุงเทพมหานคร,ประเวศ,ประเวศ,ภาครัฐ,เขต 13,กรุงเทพและปริมณฑล,เปิดตรวจแล้ว
บริษัทเนชั่นแนล เฮลท์แคร์ ซิสเท็มส์ จำกัด สาขา โรงพยาบาลพญาไท 3,"National Healthcare Systems Co.,Ltd, Phayathai 3 Hospital",กรุงเทพมหานคร,ห้วยขวาง,บางกะปิ,เอกชน,เขต 13,กรุงเทพและปริมณฑล,เปิดตรวจแล้ว
เอช.ดี.แล็ป คลินิกเทคนิคการแพทย์,H.D.Lab Meddical Technic Clinic,กรุงเทพมหานคร,บางเขน,อนุสาวรีย์,เอกชน,เขต 13,กรุงเทพและปริมณฑล,เปิดตรวจแล้ว
โรงพยาบาลราชพิพัฒน์,Ratchaphiphat Hospital,กรุงเทพมหานคร,บางแค,บางไผ่,ภาครัฐ,เขต 13,กรุงเทพและปริมณฑล,เปิดตรวจแล้ว
โรงพยาบาลมิตรประชา,Mitrpracha Hospital,กรุงเทพมหานคร,ภาษีเจริญ,บางหว้า,เอกชน,เขต 13,กรุงเทพและปริมณฑล,เปิดตรวจแล้ว
คลินิกเทคนิคการแพทย์ กรุงเทพจีโนม,Bangkok Genome Center,กรุงเทพมหานคร,ราชเทวี,ถนนพญาไท,เอกชน,เขต 13,กรุงเทพและปริมณฑล,เปิดตรวจแล้ว
บริษัท เนชั่นแนล เฮลท์แคร์ ซิสเท็มจำกัด สาขา โรงพยาบาลสมิติเวช ศรีนครินทร์,"National Healthcare Systems Co., Ltd., Medical Technic Clinic, Samitivej Srinakarin Branch",กรุงเทพมหานคร,สวนหลวง,สวนหลวง,เอกชน,เขต 13,กรุงเทพและปริมณฑล,เปิดตรวจแล้ว
โรงพยาบาลเพชรเวช,Petcharavej Hospital,กรุงเทพมหานคร,ห้วยขวาง,บางกะปิ,เอกชน,เขต 13,กรุงเทพและปริมณฑล,เปิดตรวจแล้ว
โรงพยาบาลศิริราช ปิยมหาราชการุณย์,Siriraj Piyamaharajkarun Hospital,กรุงเทพมหานคร,บางกอกน้อย,ศิริราช,ภาครัฐ,เขต 13,กรุงเทพและปริมณฑล,เปิดตรวจแล้ว
สำนักงานป้องกันควบคุมโรคที่ 4 สระบุรี สาขาย่อยที่ 3,"The Office of Disease Prevention and Control 4 Saraburi, 3rd Branch",กรุงเทพมหานคร,ดุสิต,ดุสิต,ภาครัฐ,เขต 13,กรุงเทพและปริมณฑล,เปิดตรวจแล้ว
โรงพยาบาลกล้วยน้ำไท,Kluaynamthai Hospital,กรุงเทพมหานคร,คลองเตย,พระโขนง,เอกชน,เขต 13,กรุงเทพและปริมณฑล,เปิดตรวจแล้ว
โรงพยาบาล บี.แคร์ เมดิคอล เซ็นเตอร์,B.Care Medical Center,กรุงเทพมหานคร,สายไหม,สายไหม,เอกชน,เขต 13,กรุงเทพและปริมณฑล,เปิดตรวจแล้ว
"ห้องปฏิบัติการพริบตา แทนเจอรีน สหคลินิก, สถาบันเพื่อการวิจัยและนวัตกรรมด้านเอชไอวี",Pribta Tangerine Clinic,กรุงเทพมหานคร,ปทุมวัน,ปทุมวัน,เอกชน,เขต 13,กรุงเทพและปริมณฑล,เปิดตรวจแล้ว
สถาบันมะเร็งแห่งชาติ,National Cancer Institute,กรุงเทพมหานคร,เขตราชเทวี,ทุ่งพญาไท,ภาครัฐ,เขต 13,กรุงเทพและปริมณฑล,เปิดตรวจแล้ว
เจเนติกอนาไลซิสแล็บคลินิกเทคนิคการแพทย์,Genetic Analysis Lab Medical Technic Clinic,กรุงเทพมหานคร,ทวีวัฒนา,ศาลาธรรมสพน์,เอกชน,เขต 13,กรุงเทพและปริมณฑล,เปิดตรวจแล้ว
เมดิกา ลาบอราทอรี่ส์ คลินิกเทคนิคการแพทย์,Medica Laboratories Medical Technic Clinic,กรุงเทพมหานคร,บางซื่อ,วงศ์สว่าง,เอกชน,เขต 13,กรุงเทพและปริมณฑล,เปิดตรวจแล้ว
โรงพยาบาลวิชัยยุทธ,Vichaiyut Hospital,กรุงเทพมหานคร,พญาไท,สามเสนใน,เอกชน,เขต 13,กรุงเทพและปริมณฑล,เปิดตรวจแล้ว
โรงพยาบาลเลิดสิน,Lerdsin Hospital,กรุงเทพมหานคร,บางรัก,สีลม,ภาครัฐ,เขต 13,กรุงเทพและปริมณฑล,เปิดตรวจแล้ว
โรงพยาบาลบางมด,Bangmod Hospital,กรุงเทพมหานคร,จอมทอง,บางมด,เอกชน,เขต 13,กรุงเทพและปริมณฑล,เปิดตรวจแล้ว
โรงพยาบาลเซนต์หลุยส์,Saint Louis Hospital,กรุงเทพมหานคร,สาทร,ยานนาวา,เอกชน,เขต 13,กรุงเทพและปริมณฑล,เปิดตรวจแล้ว
เฮลท์ พลัส โกลบอล ลาบอราทอรี คลินิกเทคนิคการแพทย์ ,Health Plus Global Laboratory Medical Technic Clinic,กรุงเทพมหานคร,ลาดพร้าว,ลาดพร้าว,เอกชน,เขต 13,กรุงเทพและปริมณฑล,เปิดตรวจแล้ว
โรงพยาบาลสินแพทย์ ศรีนครินทร์,Synphaet Hospital Srinakarin,กรุงเทพมหานคร,ประเวศ,หนองบอน,เอกชน,เขต 13,กรุงเทพและปริมณฑล,เปิดตรวจแล้ว
คลินิกเทคนิคการแพทย์ จีโนเวชั่น,Genovation Medical Technology Clinic,กรุงเทพมหานคร,คลองเตย,พระโขนง,เอกชน,เขต 13,กรุงเทพและปริมณฑล,เปิดตรวจแล้ว
คลินิก​เทคนิค​การแพทย์​ ฟีนิกซ์​ โม​เล​กุ​ลาร์,"Phoenix Molekula, Medical Technic Clinic",กรุงเทพมหานคร,ประเวศ​ ,ประเวศ​ ,เอกชน,เขต 13,กรุงเทพและปริมณฑล,เปิดตรวจแล้ว
"บริษัท กรุงเทพอณูพันธุศาสตร์ จำกัด
","Bangkok Molecular Genetics Co., Ldt",กรุงเทพมหานคร,บึงกุ่ม,นวลจันทร์,เอกชน,เขต 13,กรุงเทพและปริมณฑล,เปิดตรวจแล้ว
วินเมด คลินิกเทคนิคการแพทย์,"Winmed,  Medical Technic Clinic",กรุงเทพมหานคร,วังทองหลาง,วังทองหลาง ,เอกชน,เขต 13,กรุงเทพและปริมณฑล,เปิดตรวจแล้ว
ห้องปฏิบัติการโรงพยาบาลวิมุต โดย เอ็นเฮลท์, Vimut Hospital Laboratories by N Health ,กรุงเทพมหานคร,พญาไท,สามเสนใน,เอกชน,เขต 13,กรุงเทพและปริมณฑล,เปิดตรวจแล้ว
บีทีแล็บ กรุงเทพ คลินิกเทคนิคการแพทย์,"BT Lab BKK, Medical Technic Clinic",กรุงเทพมหานคร,หนองแขม,หนองแขม,เอกชน,เขต 13,กรุงเทพและปริมณฑล,เปิดตรวจแล้ว
บริษัท เนชั่นแนล เฮลท์แคร์ ซิสเท็มส์ จำกัด สาขาโรงพยาบาลพญาไท 1,"National Healthcare Systems Co.,Ltd, Phayathai 1 Hospital",กรุงเทพมหานคร,ราชเทวี,ถนนพญาไท,เอกชน,เขต 13,กรุงเทพและปริมณฑล,เปิดตรวจแล้ว
คลินิกเทคนิคการแพทย์ ยู เวลเนส เซ็นเตอร์,"U Wellness Center, Medical Technic Clinic",กรุงเทพมหานคร,บางกะปิ,คลองจั่น,เอกชน,เขต 13,กรุงเทพและปริมณฑล,เปิดตรวจแล้ว
โรงพยาบาลอินทรารัตน์,Intrarat Hospital,กรุงเทพมหานคร,คันนายาว,รามอินทรา,เอกชน,เขต 13,กรุงเทพและปริมณฑล,เปิดตรวจแล้ว
บริษัท บางกอก ไซโตเจเนติกซ์ เซ็นเตอร์ จำกัด ,"Bangkok Cytogenetics Center Co.,Ltd., ",กรุงเทพมหานคร,จตุจักร,จอมทอง,เอกชน,เขต 13,กรุงเทพและปริมณฑล,เปิดตรวจแล้ว
อินเตอร์เมดิคัลแลบคลินิกเทคนิคการแพทย์ สาขาลาดพร้าว,Inter Medical Lab Clinic Medical Technic Clinic,กรุงเทพมหานคร,ลาดพร้าว,ลาดพร้าว,เอกชน,เขต 13,กรุงเทพและปริมณฑล,เปิดตรวจแล้ว
บริษัท เน็กซ์ อิโวลูชั่น จำกัด,Next Evolution Company Limited,กรุงเทพมหานคร,ลาดพร้าว,ลาดพร้าว,เอกชน,เขต 13,กรุงเทพและปริมณฑล,เปิดตรวจแล้ว
โรงพยาบาลดับเบิลยูไอเอช อินเตอร์เนชั่นแนล,WIH International Hospital,กรุงเทพมหานคร,บางนา,บางนา,เอกชน,เขต 13,กรุงเทพและปริมณฑล,เปิดตรวจแล้ว
เดอโอร่า คลินิก,De Aora Clinic,กรุงเทพมหานคร,พระโขนง,บางจาก,เอกชน,เขต 13,กรุงเทพและปริมณฑล,เปิดตรวจแล้ว
โรงพยาบาลวิชัยเวช อินเตอร์เนชั่นแนล หนองแขม  ,Vichaivej International Hospital,กรุงเทพมหานคร,หนองแขม,หนองค้างพลู,เอกชน,เขต 13,กรุงเทพและปริมณฑล,เปิดตรวจแล้ว
บริษัท เนชั่นแนล เฮลท์แคร์ ซิสเท็มส์ จำกัด สาขาโรงพยาบาลสมิติเวช สุขุมวิท,"National Healthcare Systems Co.,Ltd, Medical Technic Clinic, Samitivej Hospital Sukhumvit Branch",กรุงเทพมหานคร,วัฒนา,คลองตันเหนือ,เอกชน,เขต 13,กรุงเทพและปริมณฑล,เปิดตรวจแล้ว
บริษัท แอคคิวฟาส แล็บ เซ็นเตอร์ จำกัด,"Accufas Lab Center Co., Ltd",กรุงเทพมหานคร,ภาษีเจริญ,บางแวก,เอกชน,เขต 13,กรุงเทพและปริมณฑล,เปิดตรวจแล้ว
คลินิกเทคนิคการแพทย์ไทยแล็บคอนเน็คชั่น,"Thai Lab Connection Co., Ltd., Medical Technic Clinic",กรุงเทพมหานคร,ลาดพร้าว,ลาดพร้าว,เอกชน,เขต 13,กรุงเทพและปริมณฑล,เปิดตรวจแล้ว
คลินิกเทคนิคการแพทย์ พีพีเอ็น เฮลท์แคร์  ,PPN Healthcare Medical Technic Clinic,ปทุมธานี,คลองหลวง,คลองหนึ่ง,เอกชน,เขต 13,กรุงเทพและปริมณฑล,เปิดตรวจแล้ว
งานจุลชีววิทยา โรงพยาบาลราชวิถี,"Microbiology, Rajavithi Hospital",กรุงเทพมหานคร,ราชเทวี,ทุ่งพญาไท,ภาครัฐ,เขต 13,กรุงเทพและปริมณฑล,เปิดตรวจแล้ว
กรุงเทพพยาธิ-แลป คลินิกเทคนิคการแพทย์,"Bangkok Pathology-Laboratory, Medical Technic Clinic",กรุงเทพมหานคร,พญาไท,พญาไท,เอกชน,เขต 13,กรุงเทพและปริมณฑล,เปิดตรวจแล้ว
เอ็นเฮลท์ คลินิกเทคนิคการแพทย์,"N Health, Medical Technic Clinic",กรุงเทพมหานคร,บางแค,บางไผ่,เอกชน,เขต 13,กรุงเทพและปริมณฑล,เปิดตรวจแล้ว
โรงพยาบาลบางโพ,Bangpo General Hospital,กรุงเทพมหานคร,บางซื่อ,บางซื่อ,เอกชน,เขต 13,กรุงเทพและปริมณฑล,เปิดตรวจแล้ว
คลีนิคนิรนาม ศูนย์วิจัยโรคเอดส์ สภากาชาดไทย,Thai Red Cross AIDS Research Centre (Anonymous Clinic),กรุงเทพมหานคร,ปทุมวัน,ปทุมวัน,ภาครัฐ,เขต 13,กรุงเทพและปริมณฑล,เปิดตรวจแล้ว
โรงพยาบาลเฉพาะทางศัลยกรรมตกแต่งกมล,Kamol Hospital,กรุงเทพมหานคร,วังทองหลาง,พลับพลา,เอกชน,เขต 13,กรุงเทพและปริมณฑล,เปิดตรวจแล้ว
คลินิกเทคนิคการแพทย์ แลปพลัสวัน (บริษัท แลปพลัสวัน จำกัด)  ,"Lab Plus One, Medical Technic Clinic",กรุงเทพมหานคร,คลองเตย,พระโขนง,เอกชน,เขต 13,กรุงเทพและปริมณฑล,เปิดตรวจแล้ว
โรงพยาบาลยันฮี,Yanhee Hospital,กรุงเทพมหานคร,บางพลัด,บางอ้อ,เอกชน,เขต 13,กรุงเทพและปริมณฑล,เปิดตรวจแล้ว
ห้องปฏิบัติการศูนย์เทคนิคการแพทย์ และรังสีเทคนิคนานาชาติ คณะเทคนิคการแพทย์ มหาวิทยาลัยมหิดล,"International Center for Medical and Radiological Technology Laboratory,Faculty of Medical Technology,Mahidol University",กรุงเทพมหานคร,บางกอกน้อย,ศิริราช,ภาครัฐ,เขต 13,กรุงเทพและปริมณฑล,เปิดตรวจแล้ว
สิรอัยย์กร คลินิก,Siraikorn Clinic,กรุงเทพมหานคร,หัวยขวาง,สามแสนนอก,เอกชน,เขต 13,กรุงเทพและปริมณฑล,เปิดตรวจแล้ว
บริษัท เนชั่นแนล เฮลท์แคร์ ซิสเท็มจำกัด สาขา โรงพยาบาลกรุงเทพ,"National Healthcare System Co.,Ltd. Bangkok Hospital",กรุงเทพมหานคร,ห้วยขวาง,บางกะปิ,เอกชน,เขต 13,กรุงเทพและปริมณฑล,เปิดตรวจแล้ว
 คลินิกเทคนิคการแพทย์ ไพร์ม แล็บ,"Prime Lab, Medical Technic Clinic",กรุงเทพมหานคร,ดุสิต,ดุสิต,เอกชน,เขต 13,กรุงเทพและปริมณฑล,เปิดตรวจแล้ว
